"chr","strand","gene_ID","transcript_ID","intron_ID","sj5start","sj5end","sj5_cov_nonsplit","sj5_cov_split","sj3start","sj3end","sj3_cov_nonsplit","sj3_cov_split","score","TC","exon"
"1","-","ENSMUSG00000098234","ENSMUST00000182580",3,9942322,9942323,102,104,9942155,9942156,5,83,0.636054421768708,"0.333333333333333","6"
"1","-","ENSMUSG00000098234","ENSMUST00000182819",2,9942322,9942323,102,104,9942155,9942156,5,83,0.636054421768708,"0.333333333333333","6"
"1","-","ENSMUSG00000104523","ENSMUST00000192656",1,36106057,36106058,20,0,36105441,36105442,12,0,0,"0.5","2"
"1","+","ENSMUSG00000102202","ENSMUST00000193983",1,36132321,36132322,14,19,36132886,36132887,0,23,0.75,"0.25","4"
"1","-","ENSMUSG00000103804","ENSMUST00000195028",1,38077182,38077183,15,0,38076872,38076873,33,0,0,"0.5","2"
"1","-","ENSMUSG00000101104","ENSMUST00000148542",1,44109993,44109994,0,88,44107872,44107873,1,88,0.994350282485876,"0.2","5"
"1","-","ENSMUSG00000101104","ENSMUST00000148542",2,44107764,44107765,10,64,44107104,44107105,2,64,0.914285714285714,"0.2","5"
"1","+","ENSMUSG00000101628","ENSMUST00000185516",15,52122721,52122722,2,279,52123113,52123114,1,279,0.994652406417112,"0.04","25"
"1","+","ENSMUSG00000101628","ENSMUST00000185516",16,52123258,52123259,28,234,52126519,52126520,9,234,0.926732673267327,"0.04","25"
"1","+","ENSMUSG00000101628","ENSMUST00000185516",17,52126618,52126619,0,263,52132543,52132544,15,263,0.972273567467652,"0.04","25"
"1","+","ENSMUSG00000101628","ENSMUST00000185516",18,52132633,52132634,2,218,52135602,52135603,1,214,0.993103448275862,"0.04","25"
"1","+","ENSMUSG00000101628","ENSMUST00000185516",19,52135681,52135682,0,231,52136878,52136879,1,235,0.997858672376874,"0.04","25"
"1","+","ENSMUSG00000101628","ENSMUST00000185516",20,52136970,52136971,0,105,52137278,52137279,7,105,0.967741935483871,"0.04","25"
"1","+","ENSMUSG00000101628","ENSMUST00000185516",21,52137430,52137431,0,36,52139193,52139194,1,36,0.986301369863014,"0.04","25"
"1","+","ENSMUSG00000101628","ENSMUST00000185516",23,52142960,52142961,7,46,52144085,52144086,0,46,0.929292929292929,"0.04","25"
"1","+","ENSMUSG00000101628","ENSMUST00000185516",25,52144297,52144298,1,110,52145149,52145150,3,110,0.982142857142857,"0.04","25"
"1","+","ENSMUSG00000101628","ENSMUST00000185516",27,52147999,52148000,3,120,52148902,52148903,3,120,0.975609756097561,"0.04","25"
"1","+","ENSMUSG00000101628","ENSMUST00000185516",28,52149038,52149039,0,24,52150618,52150619,0,24,1,"0.04","25"
"1","+","ENSMUSG00000101628","ENSMUST00000185516",29,52150668,52150669,3,20,52151237,52151238,0,14,0.918918918918919,"0.04","25"
"1","+","ENSMUSG00000101628","ENSMUST00000185516",30,52151332,52151333,10,124,52152232,52152233,13,124,0.915129151291513,"0.04","25"
"1","+","ENSMUSG00000101628","ENSMUST00000185516",31,52152378,52152379,4,164,52153843,52153844,9,164,0.961876832844575,"0.04","25"
"1","+","ENSMUSG00000101628","ENSMUST00000185516",32,52154029,52154030,3,256,52154985,52154986,13,256,0.96969696969697,"0.04","25"
"1","-","ENSMUSG00000097519","ENSMUST00000181949",1,57377404,57377405,20,25,57375519,57375520,13,29,0.620689655172414,"0.25","4"
"1","-","ENSMUSG00000097519","ENSMUST00000181949",2,57375247,57375248,2,36,57362763,57362764,7,36,0.888888888888889,"0.25","4"
"1","+","ENSMUSG00000084799","ENSMUST00000138611",2,63144185,63144186,0,10,63156219,63156220,118,10,0.144927536231884,"0.375","8"
"1","+","ENSMUSG00000084799","ENSMUST00000138611",3,63156321,63156322,11,7,63156957,63156958,29,7,0.259259259259259,"0.375","8"
"1","+","ENSMUSG00000084799","ENSMUST00000188602",2,63144185,63144186,0,10,63156219,63156220,118,10,0.144927536231884,"0.375","8"
"1","+","ENSMUSG00000084799","ENSMUST00000188602",3,63156321,63156322,11,7,63156957,63156958,29,7,0.259259259259259,"0.375","8"
"1","-","ENSMUSG00000087213","ENSMUST00000122813",1,64690463,64690464,4,54,64688924,64688925,27,0,0.635294117647059,"0.333333333333333","6"
"1","-","ENSMUSG00000099519","ENSMUST00000185727",2,75184688,75184689,3,12,75184573,75184574,0,12,0.888888888888889,"0.125","8"
"1","-","ENSMUSG00000099519","ENSMUST00000185727",6,75179569,75179570,5,88,75179068,75179069,4,88,0.951351351351351,"0.125","8"
"1","-","ENSMUSG00000099519","ENSMUST00000185727",7,75178930,75178931,0,26,75178102,75178103,0,26,1,"0.125","8"
"1","-","ENSMUSG00000099519","ENSMUST00000185727",8,75177664,75177665,4,52,75177486,75177487,3,52,0.936936936936937,"0.125","8"
"1","-","ENSMUSG00000099519","ENSMUST00000185727",9,75177302,75177303,0,61,75176211,75176212,0,61,1,"0.125","8"
"1","-","ENSMUSG00000099519","ENSMUST00000185727",11,75175507,75175508,5,27,75175038,75175039,5,27,0.84375,"0.125","8"
"1","-","ENSMUSG00000099519","ENSMUST00000185727",12,75174972,75174973,2,40,75174827,75174828,2,40,0.952380952380952,"0.125","8"
"1","-","ENSMUSG00000099519","ENSMUST00000185727",13,75174701,75174702,0,34,75174554,75174555,0,34,1,"0.125","8"
"1","-","ENSMUSG00000099519","ENSMUST00000185727",14,75174477,75174478,1,68,75174389,75174390,0,68,0.992700729927007,"0.125","8"
"1","-","ENSMUSG00000099519","ENSMUST00000185727",15,75174325,75174326,0,67,75174224,75174225,1,61,0.992248062015504,"0.125","8"
"1","-","ENSMUSG00000099519","ENSMUST00000185727",16,75174138,75174139,4,83,75173919,75173920,0,83,0.976470588235294,"0.125","8"
"1","-","ENSMUSG00000099519","ENSMUST00000185727",17,75173861,75173862,2,84,75173649,75173650,2,84,0.976744186046512,"0.125","8"
"1","-","ENSMUSG00000099519","ENSMUST00000185727",19,75172554,75172555,2,81,75172360,75172361,8,81,0.941860465116279,"0.125","8"
"1","-","ENSMUSG00000099519","ENSMUST00000185727",20,75172265,75172266,2,9,75172182,75172183,7,9,0.666666666666667,"0.125","8"
"1","-","ENSMUSG00000099519","ENSMUST00000185727",21,75172113,75172114,12,13,75171988,75171989,4,13,0.619047619047619,"0.125","8"
"1","+","ENSMUSG00000073627","ENSMUST00000137643",1,86359699,86359700,34,2,86367132,86367133,14,4,0.111111111111111,"0.333333333333333","3"
"1","-","ENSMUSG00000097251","ENSMUST00000181575",1,92910578,92910579,18,0,92909978,92909979,14,0,0,"0.5","2"
"1","+","ENSMUSG00000087691","ENSMUST00000143266",3,130435490,130435491,80,0,130435927,130435928,17,0,0,"0.25","4"
"1","-","ENSMUSG00000086825","ENSMUST00000130486",1,130436104,130436105,15,10,130435820,130435821,1,10,0.555555555555556,"0.333333333333333","3"
"1","-","ENSMUSG00000099556","ENSMUST00000188068",1,130740979,130740980,40,282,130740238,130740239,39,282,0.877138413685848,"0.5","2"
"1","+","ENSMUSG00000100658","ENSMUST00000189288",1,132342067,132342068,5,65,132342310,132342311,14,99,0.896174863387978,"0.333333333333333","3"
"1","+","ENSMUSG00000100658","ENSMUST00000189288",2,132342401,132342402,73,25,132344315,132344316,10,14,0.319672131147541,"0.333333333333333","3"
"1","+","ENSMUSG00000101061","ENSMUST00000188474",1,134435870,134435871,10,3,134436524,134436525,15,1,0.137931034482759,"0.5","2"
"1","-","ENSMUSG00000097403","ENSMUST00000181746",1,136414848,136414849,11,22,136413677,136413678,6,26,0.738461538461539,"0.333333333333333","3"
"1","-","ENSMUSG00000073538","ENSMUST00000188717",1,153414144,153414145,60,2,153408570,153408571,10,1,0.0410958904109589,"0.333333333333333","6"
"1","+","ENSMUSG00000053332","ENSMUST00000161005",4,161036244,161036245,522,2148,161036548,161036549,473,2532,0.824669603524229,"0.277777777777778","18"
"1","+","ENSMUSG00000053332","ENSMUST00000159119",4,161036244,161036245,522,2148,161036548,161036549,473,2532,0.824669603524229,"0.277777777777778","18"
"1","+","ENSMUSG00000053332","ENSMUST00000159706",4,161036244,161036245,522,2148,161036548,161036549,473,2532,0.824669603524229,"0.277777777777778","18"
"1","+","ENSMUSG00000053332","ENSMUST00000162558",4,161036244,161036245,522,2148,161036548,161036549,473,2532,0.824669603524229,"0.277777777777778","18"
"1","+","ENSMUSG00000053332","ENSMUST00000162558",7,161037164,161037165,287,1930,161037287,161037288,270,3148,0.901153504880213,"0.277777777777778","18"
"1","+","ENSMUSG00000053332","ENSMUST00000159663",4,161036244,161036245,522,2148,161036548,161036549,473,2532,0.824669603524229,"0.277777777777778","18"
"1","-","ENSMUSG00000086350","ENSMUST00000141846",1,178318110,178318111,10,3,178315448,178315449,15,6,0.264705882352941,"0.5","2"
"1","+","ENSMUSG00000097784","ENSMUST00000180869",1,186750165,186750166,2,8,186752416,186752417,24,8,0.380952380952381,"0.5","2"
"1","+","ENSMUSG00000096929","ENSMUST00000181226",3,195018940,195018941,10,9,195021385,195021386,8,9,0.5,"0.181818181818182","11"
"1","+","ENSMUSG00000096929","ENSMUST00000181273",2,195018940,195018941,10,9,195021385,195021386,8,9,0.5,"0.181818181818182","11"
"1","-","ENSMUSG00000104206","ENSMUST00000191885",1,194995283,194995284,14,0,194989321,194989322,22,0,0,"0.5","2"
"2","+","ENSMUSG00000086430","ENSMUST00000145585",1,5037411,5037412,19,2,5040200,5040201,355,2,0.0105820105820106,"0.5","2"
"2","+","ENSMUSG00000087595","ENSMUST00000155199",1,26138939,26138940,37,0,26139363,26139364,17,0,0,"0.5","2"
"2","+","ENSMUSG00000085767","ENSMUST00000125518",2,26385630,26385631,86,6,26386924,26386925,90,6,0.0638297872340425,"0.25","8"
"2","+","ENSMUSG00000085767","ENSMUST00000125518",3,26387089,26387090,124,0,26387197,26387198,44,0,0,"0.25","8"
"2","+","ENSMUSG00000085767","ENSMUST00000150375",1,26387506,26387507,18,4,26387597,26387598,145,4,0.0467836257309941,"0.25","8"
"2","+","ENSMUSG00000063714","ENSMUST00000123087",2,72987632,72987633,2,26,72988371,72988372,1,26,0.945454545454545,"0.4","5"
"2","+","ENSMUSG00000063714","ENSMUST00000137941",1,72987632,72987633,2,26,72988371,72988372,1,26,0.945454545454545,"0.4","5"
"2","+","ENSMUSG00000045464","ENSMUST00000152313",1,94406966,94406967,6,9,94410458,94410459,6,9,0.6,"0.5","2"
"2","+","ENSMUSG00000085438","ENSMUST00000153581",1,119594434,119594435,7,189,119596258,119596259,55,189,0.859090909090909,"0.333333333333333","3"
"2","+","ENSMUSG00000085438","ENSMUST00000153581",2,119596511,119596512,37,168,119599587,119599588,20,250,0.88,"0.333333333333333","3"
"2","-","ENSMUSG00000087528","ENSMUST00000127525",8,129207519,129207520,23,0,129206451,129206452,50,0,0,"0.166666666666667","12"
"2","+","ENSMUSG00000074805","ENSMUST00000156601",1,129369921,129369922,5,15,129372793,129372794,0,15,0.857142857142857,"0.25","4"
"2","+","ENSMUSG00000074805","ENSMUST00000156601",2,129372922,129372923,64,6,129373069,129373070,16,0,0.0697674418604651,"0.25","4"
"2","-","ENSMUSG00000085566","ENSMUST00000128176",1,130906210,130906211,4,28,130883987,130883988,4,28,0.875,"0.333333333333333","6"
"2","+","ENSMUSG00000087406","ENSMUST00000145525",1,150667957,150667958,34,11,150668460,150668461,9,15,0.376811594202899,"0.5","2"
"2","-","ENSMUSG00000086529","ENSMUST00000148685",1,155556798,155556799,53,4,155555620,155555621,14,0,0.0563380281690141,"0.25","4"
"2","-","ENSMUSG00000087179","ENSMUST00000137463",3,156837822,156837823,40,37,156833426,156833427,19,35,0.549618320610687,"0.25","4"
"2","-","ENSMUSG00000085741","ENSMUST00000153616",2,156853430,156853431,31,11,156852690,156852691,2,11,0.4,"0.428571428571429","7"
"2","-","ENSMUSG00000085741","ENSMUST00000176134",2,156853430,156853431,31,11,156852690,156852691,2,11,0.4,"0.428571428571429","7"
"2","+","ENSMUSG00000092283","ENSMUST00000173249",1,158117674,158117675,10,0,158117793,158117794,199,0,0,"0.5","2"
"2","-","ENSMUSG00000085385","ENSMUST00000141809",1,158361404,158361405,2,53,158361196,158361197,19,1,0.72,"0.333333333333333","21"
"2","+","ENSMUSG00000074578","ENSMUST00000189909",4,167065480,167065481,23,134,167065686,167065687,131,133,0.634204275534442,"0.285714285714286","7"
"2","-","ENSMUSG00000086537","ENSMUST00000151472",1,174295069,174295070,7,31,174286397,174286398,51,24,0.486725663716814,"0.333333333333333","9"
"2","-","ENSMUSG00000086537","ENSMUST00000151472",4,174283255,174283256,52,0,174282502,174282503,27,0,0,"0.333333333333333","9"
"2","-","ENSMUSG00000086537","ENSMUST00000150276",1,174295069,174295070,7,31,174286397,174286398,51,24,0.486725663716814,"0.333333333333333","9"
"2","-","ENSMUSG00000086537","ENSMUST00000150276",4,174283255,174283256,52,0,174282502,174282503,27,0,0,"0.333333333333333","9"
"2","+","ENSMUSG00000010492","ENSMUST00000122831",1,181579663,181579664,13,0,181580264,181580265,44,0,0,"0.4","5"
"3","+","ENSMUSG00000097365","ENSMUST00000180874",1,9403239,9403240,7,33,9404817,9404818,0,23,0.888888888888889,"0.333333333333333","6"
"3","+","ENSMUSG00000097365","ENSMUST00000180874",2,9404929,9404930,12,18,9410930,9410931,1,28,0.779661016949153,"0.333333333333333","6"
"3","-","ENSMUSG00000097583","ENSMUST00000181813",1,40893947,40893948,1,33,40887598,40887599,0,33,0.985074626865672,"0.333333333333333","3"
"3","-","ENSMUSG00000097583","ENSMUST00000181813",2,40887554,40887555,2,10,40886708,40886709,12,10,0.588235294117647,"0.333333333333333","3"
"3","-","ENSMUSG00000105260","ENSMUST00000196123",1,41482071,41482072,1,20,41481944,41481945,0,20,0.975609756097561,"0.5","4"
"3","+","ENSMUSG00000085174","ENSMUST00000132485",1,53454054,53454055,17,0,53457267,53457268,19,0,0,"0.5","2"
"3","-","ENSMUSG00000096935","ENSMUST00000197172",1,88177586,88177587,3,11,88175935,88175936,11,11,0.611111111111111,"0.285714285714286","7"
"3","-","ENSMUSG00000096935","ENSMUST00000200006",1,88177586,88177587,3,11,88175935,88175936,11,11,0.611111111111111,"0.285714285714286","7"
"3","-","ENSMUSG00000096935","ENSMUST00000200006",2,88175742,88175743,15,0,88172258,88172259,8,7,0.233333333333333,"0.285714285714286","7"
"3","+","ENSMUSG00000105552","ENSMUST00000200320",2,90006359,90006360,150,0,90021277,90021278,46,16,0.0754716981132075,"0.285714285714286","7"
"3","-","ENSMUSG00000087660","ENSMUST00000125186",1,94961014,94961015,172,0,94960520,94960521,30,0,0,"0.333333333333333","3"
"3","-","ENSMUSG00000087660","ENSMUST00000125186",2,94960414,94960415,223,2,94959851,94959852,198,2,0.00941176470588235,"0.333333333333333","3"
"3","-","ENSMUSG00000086288","ENSMUST00000133494",1,95004222,95004223,15,9,95002264,95002265,42,4,0.185714285714286,"0.4","5"
"3","-","ENSMUSG00000086288","ENSMUST00000133494",2,95002138,95002139,39,0,94999000,94999001,17,2,0.0344827586206897,"0.4","5"
"3","+","ENSMUSG00000085956","ENSMUST00000128160",1,95016277,95016278,2,8,95016640,95016641,9,6,0.56,"0.5","4"
"3","+","ENSMUSG00000097167","ENSMUST00000181819",1,95218058,95218059,18,18,95219438,95219439,30,18,0.428571428571429,"0.25","4"
"3","-","ENSMUSG00000093507","ENSMUST00000176275",1,96256223,96256224,0,18,96255396,96255397,1,18,0.972972972972973,"0.333333333333333","3"
"3","-","ENSMUSG00000093507","ENSMUST00000176275",2,96255218,96255219,0,27,96254950,96254951,3,27,0.947368421052632,"0.333333333333333","3"
"3","-","ENSMUSG00000074398","ENSMUST00000107095",2,96559677,96559678,763,0,96558397,96558398,48,0,0,"0.25","4"
"3","+","ENSMUSG00000085754","ENSMUST00000123155",4,103777506,103777507,48,0,103777721,103777722,61,0,0,"0.142857142857143","7"
"3","+","ENSMUSG00000105852","ENSMUST00000167642",1,105959698,105959699,11,57,105959952,105959953,4,57,0.883720930232558,"0.1","10"
"3","+","ENSMUSG00000105852","ENSMUST00000167642",2,105960138,105960139,4,153,105961616,105961617,7,153,0.965299684542587,"0.1","10"
"3","+","ENSMUSG00000105852","ENSMUST00000167642",3,105961758,105961759,0,72,105962014,105962015,0,72,1,"0.1","10"
"3","+","ENSMUSG00000105852","ENSMUST00000167642",4,105962064,105962065,0,38,105964441,105964442,3,46,0.96551724137931,"0.1","10"
"3","+","ENSMUSG00000105852","ENSMUST00000167642",5,105964512,105964513,10,109,105964622,105964623,7,109,0.927659574468085,"0.1","10"
"3","+","ENSMUSG00000105852","ENSMUST00000167642",6,105964677,105964678,13,58,105965080,105965081,2,75,0.898648648648649,"0.1","10"
"3","+","ENSMUSG00000105852","ENSMUST00000167642",7,105965152,105965153,7,301,105965764,105965765,11,296,0.970731707317073,"0.1","10"
"3","+","ENSMUSG00000105852","ENSMUST00000167642",8,105965873,105965874,4,271,105966356,105966357,30,275,0.941379310344828,"0.1","10"
"3","+","ENSMUSG00000105852","ENSMUST00000167642",9,105966425,105966426,16,146,105967162,105967163,0,150,0.948717948717949,"0.1","10"
"3","+","ENSMUSG00000105852","ENSMUST00000167642",16,105980277,105980278,2,19,105981232,105981233,5,19,0.844444444444444,"0.1","10"
"3","-","ENSMUSG00000054426","ENSMUST00000188260",2,115886213,115886214,10,98,115881838,115881839,4,109,0.936651583710407,"0.5","10"
"3","+","ENSMUSG00000105339","ENSMUST00000197572",1,116631964,116631965,98,4,116632136,116632137,125,4,0.0346320346320346,"0.5","2"
"3","-","ENSMUSG00000097032","ENSMUST00000182865",2,135436534,135436535,16,7,135436406,135436407,18,7,0.291666666666667,"0.4","5"
"3","-","ENSMUSG00000097032","ENSMUST00000181619",1,135436534,135436535,16,7,135436406,135436407,18,7,0.291666666666667,"0.4","5"
"3","-","ENSMUSG00000105023","ENSMUST00000197231",1,153298576,153298577,23,0,153297007,153297008,48,0,0,"0.5","2"
"4","-","ENSMUSG00000086103","ENSMUST00000148576",1,11614947,11614948,12,0,11612378,11612379,2,10,0.416666666666667,"0.333333333333333","3"
"4","+","ENSMUSG00000085885","ENSMUST00000124792",3,25251388,25251389,180,0,25267824,25267825,26,0,0,"0.2","5"
"4","-","ENSMUSG00000086284","ENSMUST00000134640",2,45237440,45237441,0,14,45234981,45234982,0,14,1,"0.333333333333333","3"
"4","+","ENSMUSG00000085990","ENSMUST00000132432",2,46537323,46537324,270,0,46539091,46539092,715,0,0,"0.25","4"
"4","-","ENSMUSG00000073843","ENSMUST00000133015",1,59894814,59894815,9,4,59890522,59890523,29,4,0.173913043478261,"0.5","2"
"4","-","ENSMUSG00000087128","ENSMUST00000133884",2,94467783,94467784,6,9,94465540,94465541,7,9,0.580645161290323,"0.2","5"
"4","-","ENSMUSG00000085023","ENSMUST00000146976",1,106588712,106588713,51,0,106587219,106587220,48,0,0,"0.5","2"
"4","-","ENSMUSG00000085873","ENSMUST00000150239",1,109405725,109405726,0,50,109404606,109404607,39,44,0.706766917293233,"0.25","4"
"4","-","ENSMUSG00000085873","ENSMUST00000150239",2,109404511,109404512,27,10,109404165,109404166,22,9,0.279411764705882,"0.25","4"
"4","-","ENSMUSG00000085873","ENSMUST00000150239",3,109404079,109404080,22,75,109403993,109403994,33,68,0.722222222222222,"0.25","4"
"4","-","ENSMUSG00000059027","ENSMUST00000156790",1,109656400,109656401,11,74,109654111,109654112,6,58,0.885906040268456,"0.333333333333333","6"
"4","-","ENSMUSG00000059027","ENSMUST00000156790",2,109654025,109654026,36,25,109653111,109653112,13,41,0.573913043478261,"0.333333333333333","6"
"4","+","ENSMUSG00000085399","ENSMUST00000123272",1,114909658,114909659,5,10,114912169,114912170,14,3,0.40625,"0.285714285714286","7"
"4","-","ENSMUSG00000085408","ENSMUST00000142815",2,116592842,116592843,244,0,116590273,116590274,179,0,0,"0.333333333333333","3"
"4","-","ENSMUSG00000086683","ENSMUST00000151216",1,119130922,119130923,51,0,119130669,119130670,38,0,0,"0.5","2"
"4","+","ENSMUSG00000085334","ENSMUST00000137236",1,127035854,127035855,22,197,127036562,127036563,20,197,0.903669724770642,"0.333333333333333","6"
"4","+","ENSMUSG00000091021","ENSMUST00000172202",1,132352720,132352721,32,0,132352804,132352805,327,0,0,"0.5","2"
"4","+","ENSMUSG00000087352","ENSMUST00000124471",1,132532907,132532908,74,0,132533337,132533338,155,1,0.00434782608695652,"0.5","2"
"4","+","ENSMUSG00000085525","ENSMUST00000144166",1,146270481,146270482,13,4,146272882,146272883,6,21,0.568181818181818,"0.333333333333333","6"
"4","+","ENSMUSG00000085525","ENSMUST00000144166",2,146272975,146272976,0,143,146278352,146278353,0,116,1,"0.333333333333333","6"
"4","-","ENSMUSG00000093594","ENSMUST00000176201",1,147809667,147809668,15,71,147807183,147807184,15,72,0.826589595375723,"0.333333333333333","3"
"4","-","ENSMUSG00000085213","ENSMUST00000128800",2,150568216,150568217,12,0,150567092,150567093,28,0,0,"0.333333333333333","3"
"5","+","ENSMUSG00000097207","ENSMUST00000195898",1,22550472,22550473,21,36,22553758,22553759,0,35,0.771739130434783,"0.307692307692308","13"
"5","+","ENSMUSG00000097207","ENSMUST00000181764",1,22550472,22550473,21,36,22553758,22553759,0,35,0.771739130434783,"0.307692307692308","13"
"5","+","ENSMUSG00000097207","ENSMUST00000181374",1,22550472,22550473,21,36,22553758,22553759,0,35,0.771739130434783,"0.307692307692308","13"
"5","+","ENSMUSG00000097207","ENSMUST00000181209",1,22550472,22550473,21,36,22553758,22553759,0,35,0.771739130434783,"0.307692307692308","13"
"5","-","ENSMUSG00000105987","ENSMUST00000199941",1,23712641,23712642,3,10,23711150,23711151,1,10,0.833333333333333,"0.333333333333333","9"
"5","-","ENSMUSG00000105987","ENSMUST00000197153",1,23712641,23712642,3,10,23711150,23711151,1,10,0.833333333333333,"0.333333333333333","9"
"5","+","ENSMUSG00000097180","ENSMUST00000181574",1,23850621,23850622,24,10,23852120,23852121,0,10,0.454545454545455,"0.25","4"
"5","+","ENSMUSG00000106702","ENSMUST00000201771",1,34174239,34174240,81,0,34174726,34174727,13,0,0,"0.5","2"
"5","-","ENSMUSG00000106797","ENSMUST00000174019",1,36613245,36613246,4,10,36608046,36608047,0,10,0.833333333333333,"0.333333333333333","3"
"5","+","ENSMUSG00000105255","ENSMUST00000196216",1,45434588,45434589,175,0,45450000,45450001,11,0,0,"0.5","2"
"5","+","ENSMUSG00000097145","ENSMUST00000199547",1,52190937,52190938,11,12,52192917,52192918,0,12,0.685714285714286,"0.3","10"
"5","+","ENSMUSG00000097145","ENSMUST00000198720",1,52190937,52190938,11,12,52192917,52192918,0,12,0.685714285714286,"0.3","10"
"5","+","ENSMUSG00000097145","ENSMUST00000198720",3,52194890,52194891,1,14,52196892,52196893,2,14,0.903225806451613,"0.3","10"
"5","+","ENSMUSG00000107385","ENSMUST00000202634",1,67464018,67464019,13,38,67466326,67466327,6,31,0.784090909090909,"0.2","10"
"5","+","ENSMUSG00000107385","ENSMUST00000202634",2,67466428,67466429,57,35,67466792,67466793,6,54,0.585526315789474,"0.2","10"
"5","+","ENSMUSG00000107385","ENSMUST00000202634",3,67467020,67467021,13,48,67467875,67467876,7,48,0.827586206896552,"0.2","10"
"5","+","ENSMUSG00000107385","ENSMUST00000202634",4,67468004,67468005,1,18,67468648,67468649,0,18,0.972972972972973,"0.2","10"
"5","+","ENSMUSG00000107385","ENSMUST00000202634",6,67474061,67474062,7,28,67476906,67476907,2,28,0.861538461538462,"0.2","10"
"5","+","ENSMUSG00000107385","ENSMUST00000202828",1,67464018,67464019,13,38,67466326,67466327,6,31,0.784090909090909,"0.2","10"
"5","+","ENSMUSG00000107385","ENSMUST00000202828",2,67466428,67466429,57,35,67466792,67466793,6,54,0.585526315789474,"0.2","10"
"5","+","ENSMUSG00000107385","ENSMUST00000202828",3,67467020,67467021,13,48,67467875,67467876,7,48,0.827586206896552,"0.2","10"
"5","+","ENSMUSG00000107385","ENSMUST00000202828",4,67468004,67468005,1,18,67468648,67468649,0,18,0.972972972972973,"0.2","10"
"5","+","ENSMUSG00000107385","ENSMUST00000202828",6,67474061,67474062,7,28,67476906,67476907,2,28,0.861538461538462,"0.2","10"
"5","+","ENSMUSG00000106943","ENSMUST00000120364",1,74093139,74093140,9,5,74093357,74093358,18,5,0.27027027027027,"0.5","4"
"5","+","ENSMUSG00000105704","ENSMUST00000198859",3,86815730,86815731,13,377,86816463,86816464,0,377,0.983050847457627,"0.2","5"
"5","+","ENSMUSG00000105704","ENSMUST00000198859",4,86816792,86816793,46,338,86816906,86816907,7,338,0.927297668038409,"0.2","5"
"5","+","ENSMUSG00000104955","ENSMUST00000198159",1,96849680,96849681,18,817,96852459,96852460,1,817,0.988505747126437,"0.5","2"
"5","-","ENSMUSG00000105283","ENSMUST00000195935",2,96910961,96910962,0,14,96910549,96910550,0,14,1,"0.333333333333333","3"
"5","+","ENSMUSG00000106357","ENSMUST00000200139",1,96921382,96921383,61,0,96921788,96921789,81,4,0.0273972602739726,"0.333333333333333","3"
"5","+","ENSMUSG00000106357","ENSMUST00000200139",2,96921867,96921868,27,39,96934595,96934596,0,30,0.71875,"0.333333333333333","3"
"5","-","ENSMUSG00000097772","ENSMUST00000181873",1,100429325,100429326,28,109,100429238,100429239,53,109,0.729096989966555,"0.285714285714286","7"
"5","-","ENSMUSG00000097772","ENSMUST00000181873",2,100429096,100429097,37,82,100426804,100426805,18,82,0.748858447488584,"0.285714285714286","7"
"5","-","ENSMUSG00000097772","ENSMUST00000180779",1,100429325,100429326,28,109,100429238,100429239,53,109,0.729096989966555,"0.285714285714286","7"
"5","-","ENSMUSG00000097772","ENSMUST00000180779",2,100429096,100429097,37,82,100426804,100426805,18,82,0.748858447488584,"0.285714285714286","7"
"5","+","ENSMUSG00000090458","ENSMUST00000166047",1,113842890,113842891,42,0,113843034,113843035,55,0,0,"0.5","2"
"5","+","ENSMUSG00000029360","ENSMUST00000031305",1,118067039,118067040,40,0,118067548,118067549,117,0,0,"0.333333333333333","3"
"5","-","ENSMUSG00000097368","ENSMUST00000181905",1,120139090,120139091,18,9,120135580,120135581,16,0,0.209302325581395,"0.4","5"
"5","+","ENSMUSG00000056735","ENSMUST00000148466",1,122990091,122990092,7,61,122994362,122994363,0,61,0.945736434108527,"0.333333333333333","3"
"5","-","ENSMUSG00000090086","ENSMUST00000160255",1,123141018,123141019,154,0,123140929,123140930,31,0,0,"0.307692307692308","13"
"5","-","ENSMUSG00000090086","ENSMUST00000159637",1,123141018,123141019,154,0,123140929,123140930,31,0,0,"0.307692307692308","13"
"5","+","ENSMUSG00000106261","ENSMUST00000196486",3,124046037,124046038,20,0,124075611,124075612,11,0,0,"0.2","5"
"5","-","ENSMUSG00000106082","ENSMUST00000199356",2,124723529,124723530,69,0,124722489,124722490,230,0,0,"0.333333333333333","3"
"5","+","ENSMUSG00000097908","ENSMUST00000181190",3,136922427,136922428,0,15,136925703,136925704,0,15,1,"0.2","5"
"5","+","ENSMUSG00000097908","ENSMUST00000181190",4,136925895,136925896,2,54,136933738,136933739,0,38,0.978723404255319,"0.2","5"
"5","+","ENSMUSG00000106820","ENSMUST00000201128",1,147418701,147418702,0,14,147420629,147420630,4,14,0.875,"0.333333333333333","3"
"5","-","ENSMUSG00000097191","ENSMUST00000180733",1,149184037,149184038,13,11,149182035,149182036,21,13,0.413793103448276,"0.25","4"
"5","+","ENSMUSG00000106674","ENSMUST00000202583",1,149641751,149641752,2,17,149647633,149647634,0,12,0.935483870967742,"0.5","2"
"5","+","ENSMUSG00000097321","ENSMUST00000181114",1,151368856,151368857,10,0,151380388,151380389,10,0,0,"0.3125","16"
"5","+","ENSMUSG00000097321","ENSMUST00000202024",1,151368856,151368857,10,0,151380388,151380389,10,0,0,"0.3125","16"
"6","+","ENSMUSG00000097616","ENSMUST00000181225",1,13871627,13871628,5,29,13881272,13881273,1,29,0.90625,"0.333333333333333","3"
"6","+","ENSMUSG00000097616","ENSMUST00000181225",2,13881381,13881382,1,10,13895091,13895092,13,9,0.575757575757576,"0.333333333333333","3"
"6","+","ENSMUSG00000087356","ENSMUST00000126498",2,34164065,34164066,11,0,34166121,34166122,39,0,0,"0.2","5"
"6","-","ENSMUSG00000108101","ENSMUST00000203645",1,48045774,48045775,12,0,48045599,48045600,15,0,0,"0.5","2"
"6","-","ENSMUSG00000108709","ENSMUST00000205571",1,72123044,72123045,21,0,72122946,72122947,26,0,0,"0.333333333333333","3"
"6","-","ENSMUSG00000108435","ENSMUST00000206838",1,72348412,72348413,44,0,72347945,72347946,25,0,0,"0.5","2"
"6","+","ENSMUSG00000092386","ENSMUST00000172588",1,72610199,72610200,48,0,72616148,72616149,267,0,0,"0.5","2"
"6","+","ENSMUSG00000108109","ENSMUST00000203069",1,83122677,83122678,28,0,83124265,83124266,13,0,0,"0.5","2"
"6","+","ENSMUSG00000107230","ENSMUST00000201818",1,85962011,85962012,0,10,85965631,85965632,5,10,0.8,"0.333333333333333","3"
"6","+","ENSMUSG00000097048","ENSMUST00000204008",2,86527974,86527975,13,25,86532192,86532193,5,25,0.735294117647059,"0.285714285714286","14"
"6","+","ENSMUSG00000097048","ENSMUST00000204008",5,86563537,86563538,0,59,86564275,86564276,0,59,1,"0.285714285714286","14"
"6","+","ENSMUSG00000097048","ENSMUST00000204738",2,86527974,86527975,13,25,86532192,86532193,5,25,0.735294117647059,"0.285714285714286","14"
"6","+","ENSMUSG00000097048","ENSMUST00000205028",2,86527974,86527975,13,25,86532192,86532193,5,25,0.735294117647059,"0.285714285714286","14"
"6","+","ENSMUSG00000107593","ENSMUST00000204112",1,87657985,87657986,44,0,87663492,87663493,16,0,0,"0.5","2"
"6","-","ENSMUSG00000108010","ENSMUST00000203855",1,88190159,88190160,34,8,88189340,88189341,46,0,0.0909090909090909,"0.333333333333333","3"
"6","+","ENSMUSG00000100680","ENSMUST00000186472",1,91441158,91441159,6,13,91441441,91441442,1,13,0.787878787878788,"0.5","2"
"6","-","ENSMUSG00000086429","ENSMUST00000124246",1,113077067,113077068,1,15,113071435,113071436,17,64,0.814432989690722,"0.4","5"
"6","-","ENSMUSG00000108030","ENSMUST00000203332",1,116207901,116207902,17,0,116207257,116207258,12,0,0,"0.25","4"
"6","-","ENSMUSG00000107736","ENSMUST00000203718",1,121272554,121272555,23,14,121255387,121255388,0,14,0.549019607843137,"0.5","2"
"6","+","ENSMUSG00000108037","ENSMUST00000203287",1,125039897,125039898,14,1103,125043953,125043954,11,1103,0.988794262662483,"0.2","5"
"6","+","ENSMUSG00000108037","ENSMUST00000203287",2,125044025,125044026,25,659,125046903,125046904,6,642,0.976726726726727,"0.2","5"
"6","+","ENSMUSG00000108037","ENSMUST00000203287",3,125047070,125047071,14,263,125047210,125047211,2,280,0.971377459749553,"0.2","5"
"6","+","ENSMUSG00000108037","ENSMUST00000203287",5,125047940,125047941,0,300,125048175,125048176,28,301,0.955484896661367,"0.2","5"
"6","+","ENSMUSG00000108037","ENSMUST00000203287",6,125048237,125048238,5,14,125048367,125048368,0,11,0.833333333333333,"0.2","5"
"6","-","ENSMUSG00000107730","ENSMUST00000203300",1,134930019,134930020,10,0,134929251,134929252,10,0,0,"0.5","2"
"6","+","ENSMUSG00000098318","ENSMUST00000184991",2,134943737,134943738,11,1,134951305,134951306,3,802,0.982864137086903,"0.375","8"
"6","+","ENSMUSG00000098318","ENSMUST00000185152",2,134943737,134943738,11,1,134951305,134951306,3,802,0.982864137086903,"0.375","8"
"6","-","ENSMUSG00000107802","ENSMUST00000204351",3,143205039,143205040,420,0,143203506,143203507,83,0,0,"0.2","5"
"6","-","ENSMUSG00000107802","ENSMUST00000204351",4,143203259,143203260,57,0,143201601,143201602,16,0,0,"0.2","5"
"7","-","ENSMUSG00000109214","ENSMUST00000207269",1,19871117,19871118,1,10,19868235,19868236,2,10,0.869565217391304,"0.5","2"
"7","+","ENSMUSG00000090330","ENSMUST00000169914",1,25228773,25228774,544,0,25228879,25228880,183,0,0,"0.5","2"
"7","+","ENSMUSG00000108378","ENSMUST00000152342",1,27252326,27252327,2,34,27256611,27256612,1,27,0.953125,"0.5","2"
"7","-","ENSMUSG00000094365","ENSMUST00000146232",1,30664830,30664831,0,100,30663285,30663286,0,100,1,"0.0625","16"
"7","-","ENSMUSG00000094365","ENSMUST00000146232",2,30663222,30663223,4,58,30663127,30663128,7,58,0.913385826771654,"0.0625","16"
"7","-","ENSMUSG00000094365","ENSMUST00000146232",3,30663094,30663095,9,60,30662960,30662961,2,60,0.916030534351145,"0.0625","16"
"7","-","ENSMUSG00000094365","ENSMUST00000146232",4,30662935,30662936,1,32,30661974,30661975,4,32,0.927536231884058,"0.0625","16"
"7","-","ENSMUSG00000094365","ENSMUST00000146232",5,30661868,30661869,1,49,30661788,30661789,0,49,0.98989898989899,"0.0625","16"
"7","-","ENSMUSG00000094365","ENSMUST00000146232",6,30661628,30661629,0,17,30660328,30660329,3,17,0.918918918918919,"0.0625","16"
"7","-","ENSMUSG00000094365","ENSMUST00000146232",7,30660258,30660259,2,45,30660176,30660177,13,45,0.857142857142857,"0.0625","16"
"7","-","ENSMUSG00000094365","ENSMUST00000146232",8,30660093,30660094,3,70,30659597,30659598,2,70,0.96551724137931,"0.0625","16"
"7","-","ENSMUSG00000094365","ENSMUST00000146232",9,30659062,30659063,1,14,30658983,30658984,0,14,0.96551724137931,"0.0625","16"
"7","-","ENSMUSG00000094365","ENSMUST00000146232",10,30658852,30658853,6,16,30658665,30658666,5,16,0.744186046511628,"0.0625","16"
"7","-","ENSMUSG00000094365","ENSMUST00000146232",11,30658502,30658503,0,41,30657918,30657919,0,41,1,"0.0625","16"
"7","-","ENSMUSG00000094365","ENSMUST00000146232",12,30657598,30657599,19,60,30657273,30657274,10,60,0.805369127516778,"0.0625","16"
"7","-","ENSMUSG00000094365","ENSMUST00000146232",13,30657161,30657162,3,95,30657078,30657079,1,92,0.979057591623037,"0.0625","16"
"7","-","ENSMUSG00000094365","ENSMUST00000146232",14,30656948,30656949,3,33,30654302,30654303,0,33,0.956521739130435,"0.0625","16"
"7","-","ENSMUSG00000094365","ENSMUST00000146232",16,30649937,30649938,0,55,30649719,30649720,7,55,0.94017094017094,"0.0625","16"
"7","-","ENSMUSG00000094365","ENSMUST00000146232",17,30649583,30649584,1,124,30647815,30647816,2,124,0.98804780876494,"0.0625","16"
"7","-","ENSMUSG00000094365","ENSMUST00000146232",18,30647730,30647731,0,162,30647634,30647635,9,162,0.972972972972973,"0.0625","16"
"7","-","ENSMUSG00000094365","ENSMUST00000146232",19,30647559,30647560,0,13,30645984,30645985,0,10,1,"0.0625","16"
"7","-","ENSMUSG00000094365","ENSMUST00000146232",20,30645918,30645919,0,77,30645842,30645843,0,77,1,"0.0625","16"
"7","-","ENSMUSG00000094365","ENSMUST00000146232",21,30645666,30645667,6,78,30645158,30645159,0,78,0.962962962962963,"0.0625","16"
"7","-","ENSMUSG00000094365","ENSMUST00000146232",22,30644825,30644826,0,23,30644616,30644617,3,23,0.938775510204082,"0.0625","16"
"7","-","ENSMUSG00000094365","ENSMUST00000146232",23,30644498,30644499,0,229,30641502,30641503,4,229,0.991341991341991,"0.0625","16"
"7","-","ENSMUSG00000094365","ENSMUST00000146232",24,30641307,30641308,1,162,30641220,30641221,0,158,0.996884735202492,"0.0625","16"
"7","+","ENSMUSG00000097320","ENSMUST00000180820",1,30729854,30729855,0,26,30732413,30732414,3,20,0.938775510204082,"0.166666666666667","6"
"7","+","ENSMUSG00000097320","ENSMUST00000180820",2,30732761,30732762,0,19,30734703,30734704,0,19,1,"0.166666666666667","6"
"7","+","ENSMUSG00000097320","ENSMUST00000180820",3,30734768,30734769,2,29,30735815,30735816,0,27,0.96551724137931,"0.166666666666667","6"
"7","+","ENSMUSG00000109224","ENSMUST00000182488",1,30734768,30734769,2,29,30735815,30735816,0,27,0.96551724137931,"0.25","4"
"7","+","ENSMUSG00000109224","ENSMUST00000182488",3,30754880,30754881,0,35,30755001,30755002,0,35,1,"0.25","4"
"7","+","ENSMUSG00000109224","ENSMUST00000182488",4,30755046,30755047,0,13,30755964,30755965,3,13,0.896551724137931,"0.25","4"
"7","-","ENSMUSG00000108486","ENSMUST00000205869",1,35052274,35052275,24,0,35051470,35051471,25,0,0,"0.5","2"
"7","+","ENSMUSG00000108621","ENSMUST00000188038",2,39553332,39553333,7,67,39563701,39563702,9,67,0.893333333333333,"0.166666666666667","6"
"7","+","ENSMUSG00000108621","ENSMUST00000188038",5,39565081,39565082,10,22,39565187,39565188,2,22,0.785714285714286,"0.166666666666667","6"
"7","+","ENSMUSG00000087138","ENSMUST00000141011",2,44991481,44991482,10,5,44991593,44991594,15,0,0.166666666666667,"0.4","5"
"7","+","ENSMUSG00000110279","ENSMUST00000209340",2,45123220,45123221,297,77,45123730,45123731,56,0,0.17906976744186,"0.333333333333333","3"
"7","+","ENSMUSG00000085995","ENSMUST00000209288",2,48878447,48878448,43,0,48880632,48880633,10,0,0,"0.272727272727273","22"
"7","+","ENSMUSG00000087178","ENSMUST00000130189",1,55962672,55962673,3,17,55972012,55972013,0,17,0.918918918918919,"0.166666666666667","6"
"7","+","ENSMUSG00000087178","ENSMUST00000130189",5,55976984,55976985,127,2,55979430,55979431,37,2,0.0238095238095238,"0.166666666666667","6"
"7","-","ENSMUSG00000108659","ENSMUST00000206188",2,56042513,56042514,0,14,56039995,56039996,1,14,0.96551724137931,"0.333333333333333","3"
"7","-","ENSMUSG00000100826","ENSMUST00000190666",2,59317858,59317859,23,0,59309726,59309727,363,0,0,"0.214285714285714","56"
"7","-","ENSMUSG00000100826","ENSMUST00000189581",3,59973270,59973271,4,115,59971944,59971945,5,116,0.9625,"0.214285714285714","56"
"7","-","ENSMUSG00000100826","ENSMUST00000189581",4,59971879,59971880,1,184,59970543,59970544,0,184,0.997289972899729,"0.214285714285714","56"
"7","-","ENSMUSG00000100826","ENSMUST00000185890",1,59973270,59973271,4,115,59971944,59971945,5,116,0.9625,"0.214285714285714","56"
"7","-","ENSMUSG00000100826","ENSMUST00000185890",2,59971879,59971880,1,184,59970543,59970544,0,184,0.997289972899729,"0.214285714285714","56"
"7","-","ENSMUSG00000100826","ENSMUST00000188976",1,59973270,59973271,4,115,59971944,59971945,5,116,0.9625,"0.214285714285714","56"
"7","-","ENSMUSG00000100826","ENSMUST00000188976",2,59971879,59971880,1,184,59970543,59970544,0,184,0.997289972899729,"0.214285714285714","56"
"7","-","ENSMUSG00000092187","ENSMUST00000173374",1,64345666,64345667,14,0,64337933,64337934,74,0,0,"0.5","2"
"7","+","ENSMUSG00000108563","ENSMUST00000206776",1,73538219,73538220,164,0,73548615,73548616,13,0,0,"0.25","4"
"7","+","ENSMUSG00000108563","ENSMUST00000206776",2,73548756,73548757,24,0,73552434,73552435,75,0,0,"0.25","4"
"7","+","ENSMUSG00000108563","ENSMUST00000206776",3,73552513,73552514,130,0,73554688,73554689,13,0,0,"0.25","4"
"7","-","ENSMUSG00000101970","ENSMUST00000184587",2,73555854,73555855,36,159,73555333,73555334,2,151,0.890804597701149,"0.4","15"
"7","-","ENSMUSG00000101970","ENSMUST00000184554",2,73555854,73555855,36,159,73555333,73555334,2,151,0.890804597701149,"0.4","15"
"7","-","ENSMUSG00000101970","ENSMUST00000184554",4,73549596,73549597,117,297,73544410,73544411,52,0,0.637339055793991,"0.4","15"
"7","-","ENSMUSG00000101970","ENSMUST00000183916",1,73555854,73555855,36,159,73555333,73555334,2,151,0.890804597701149,"0.4","15"
"7","-","ENSMUSG00000101970","ENSMUST00000183916",3,73553498,73553499,96,0,73549652,73549653,20,203,0.636363636363636,"0.4","15"
"7","-","ENSMUSG00000101970","ENSMUST00000187421",1,73557774,73557775,113,29,73555920,73555921,8,353,0.759443339960239,"0.4","15"
"7","-","ENSMUSG00000101970","ENSMUST00000187421",2,73555854,73555855,36,159,73555333,73555334,2,151,0.890804597701149,"0.4","15"
"7","-","ENSMUSG00000097415","ENSMUST00000181224",1,75782051,75782052,0,10,75780756,75780757,5,10,0.8,"0.5","4"
"7","+","ENSMUSG00000097277","ENSMUST00000180879",1,81523676,81523677,53,22,81528786,81528787,8,33,0.474137931034483,"0.333333333333333","9"
"7","+","ENSMUSG00000098066","ENSMUST00000182265",2,92645639,92645640,75,3,92646792,92646793,40,3,0.0495867768595041,"0.25","4"
"7","+","ENSMUSG00000098066","ENSMUST00000182265",3,92646953,92646954,54,40,92647263,92647264,73,15,0.302197802197802,"0.25","4"
"7","-","ENSMUSG00000085560","ENSMUST00000129409",1,96951446,96951447,14,4,96950175,96950176,8,4,0.266666666666667,"0.333333333333333","9"
"7","+","ENSMUSG00000108866","ENSMUST00000207308",1,100675163,100675164,28,67,100676117,100676118,14,15,0.661290322580645,"0.5","4"
"7","+","ENSMUSG00000108866","ENSMUST00000207308",2,100676310,100676311,12,25,100677311,100677312,5,73,0.852173913043478,"0.5","4"
"7","+","ENSMUSG00000111339","ENSMUST00000214560",1,102235872,102235873,25,0,102236093,102236094,2,55,0.670731707317073,"0.5","2"
"7","+","ENSMUSG00000111339","ENSMUST00000214560",2,102236346,102236347,9,26,102236447,102236448,21,26,0.634146341463415,"0.5","2"
"7","+","ENSMUSG00000111339","ENSMUST00000214560",4,102237230,102237231,12,53,102237400,102237401,0,53,0.898305084745763,"0.5","2"
"7","-","ENSMUSG00000109799","ENSMUST00000210796",1,110281395,110281396,16,5,110281309,110281310,1041,5,0.00937207122774133,"0.25","4"
"7","-","ENSMUSG00000109799","ENSMUST00000210796",3,110279905,110279906,59,0,110279363,110279364,193,0,0,"0.25","4"
"7","-","ENSMUSG00000109959","ENSMUST00000211342",1,113295308,113295309,0,27,113293210,113293211,12,27,0.818181818181818,"0.5","2"
"7","-","ENSMUSG00000097343","ENSMUST00000180933",2,120676407,120676408,7,12,120675276,120675277,3,21,0.767441860465116,"0.333333333333333","3"
"7","+","ENSMUSG00000093768","ENSMUST00000175690",1,126891718,126891719,29,0,126897135,126897136,11,0,0,"0.5","2"
"7","+","ENSMUSG00000109881","ENSMUST00000210611",1,138891305,138891306,161,0,138894416,138894417,154,0,0,"0.333333333333333","3"
"8","-","ENSMUSG00000086805","ENSMUST00000177130",3,4178087,4178088,1,10,4177968,4177969,0,10,0.952380952380952,"0.166666666666667","12"
"8","+","ENSMUSG00000097042","ENSMUST00000180411",1,22482054,22482055,2,39,22482785,22482786,9,39,0.876404494382023,"0.5","2"
"8","+","ENSMUSG00000110183","ENSMUST00000209647",1,26023562,26023563,13,0,26029023,26029024,33,0,0,"0.333333333333333","3"
"8","+","ENSMUSG00000085437","ENSMUST00000153552",2,26087032,26087033,11,0,26088911,26088912,10,0,0,"0.285714285714286","7"
"8","+","ENSMUSG00000085437","ENSMUST00000144750",2,26087032,26087033,11,0,26088911,26088912,10,0,0,"0.285714285714286","7"
"8","+","ENSMUSG00000110176","ENSMUST00000209235",2,36194946,36194947,10,0,36195885,36195886,13,0,0,"0.25","4"
"8","+","ENSMUSG00000110270","ENSMUST00000211143",1,46605126,46605127,95,0,46605663,46605664,28,0,0,"0.5","2"
"8","-","ENSMUSG00000097534","ENSMUST00000208508",1,46739161,46739162,0,31,46736343,46736344,8,29,0.882352941176471,"0.285714285714286","7"
"8","-","ENSMUSG00000087502","ENSMUST00000156664",1,72160616,72160617,30,0,72148324,72148325,13,0,0,"0.5","2"
"8","+","ENSMUSG00000087685","ENSMUST00000147538",1,84847320,84847321,12,0,84848069,84848070,11,0,0,"0.5","4"
"8","-","ENSMUSG00000031736","ENSMUST00000179421",2,92350690,92350691,6,12,92347104,92347105,3,7,0.678571428571429,"0.2","10"
"8","-","ENSMUSG00000031736","ENSMUST00000180102",4,92346349,92346350,2,11,92345039,92345040,13,6,0.53125,"0.2","10"
"8","-","ENSMUSG00000031736","ENSMUST00000179400",1,92346349,92346350,2,11,92345039,92345040,13,6,0.53125,"0.2","10"
"8","-","ENSMUSG00000078143","ENSMUST00000173980",2,109861099,109861100,36,0,109861029,109861030,238,0,0,"0.333333333333333","6"
"8","-","ENSMUSG00000084808","ENSMUST00000127301",2,111137442,111137443,124,13,111129786,111129787,9,13,0.163522012578616,"0.25","4"
"8","+","ENSMUSG00000110440","ENSMUST00000211940",2,122891353,122891354,10,0,122891719,122891720,30,0,0,"0.333333333333333","6"
"8","-","ENSMUSG00000110704","ENSMUST00000212460",1,124047939,124047940,37,0,124025184,124025185,55,0,0,"0.5","2"
"8","+","ENSMUSG00000110605","ENSMUST00000212180",2,129281149,129281150,0,21,129281336,129281337,0,21,1,"0.285714285714286","7"
"9","+","ENSMUSG00000089702","ENSMUST00000066038",1,15330824,15330825,34,0,15333687,15333688,342,0,0,"0.5","2"
"9","+","ENSMUSG00000097439","ENSMUST00000181222",1,21225476,21225477,0,20,21225945,21225946,3,20,0.930232558139535,"0.285714285714286","7"
"9","+","ENSMUSG00000097439","ENSMUST00000181222",2,21226018,21226019,1,45,21230741,21230742,231,45,0.279503105590062,"0.285714285714286","7"
"9","+","ENSMUSG00000097439","ENSMUST00000193429",1,21225476,21225477,0,20,21225945,21225946,3,20,0.930232558139535,"0.285714285714286","7"
"9","+","ENSMUSG00000097439","ENSMUST00000193429",2,21226018,21226019,1,45,21230741,21230742,231,45,0.279503105590062,"0.285714285714286","7"
"9","+","ENSMUSG00000070315","ENSMUST00000093873",2,35118346,35118347,62,25,35123600,35123601,34,15,0.294117647058824,"0.315789473684211","19"
"9","+","ENSMUSG00000086914","ENSMUST00000146938",1,53667355,53667356,5,51,53680859,53680860,2,56,0.93859649122807,"0.5","2"
"9","-","ENSMUSG00000111471","ENSMUST00000214559",3,65074320,65074321,11,0,65066449,65066450,108,0,0,"0.2","5"
"9","-","ENSMUSG00000100130","ENSMUST00000186450",1,66448332,66448333,16,0,66448154,66448155,296,0,0,"0.5","4"
"9","-","ENSMUSG00000097211","ENSMUST00000184796",1,72409669,72409670,7,18,72409488,72409489,7,12,0.681818181818182,"0.5","4"
"9","+","ENSMUSG00000098801","ENSMUST00000184303",1,72409330,72409331,11,0,72409412,72409413,21,0,0,"0.5","2"
"9","-","ENSMUSG00000098778","ENSMUST00000185191",1,72441353,72441354,0,13,72441203,72441204,0,13,1,"0.5","2"
"9","-","ENSMUSG00000096986","ENSMUST00000181405",2,72522200,72522201,3,11,72519290,72519291,0,11,0.88,"0.333333333333333","3"
"9","-","ENSMUSG00000098573","ENSMUST00000184373",1,72619474,72619475,166,0,72619243,72619244,14,0,0,"0.5","2"
"9","-","ENSMUSG00000097195","ENSMUST00000182232",2,88522483,88522484,63,130,88522381,88522382,19,130,0.760233918128655,"0.45","20"
"9","-","ENSMUSG00000097195","ENSMUST00000182232",3,88522306,88522307,61,113,88521975,88521976,15,113,0.748344370860927,"0.45","20"
"9","-","ENSMUSG00000097195","ENSMUST00000180563",1,88522483,88522484,63,130,88522381,88522382,19,130,0.760233918128655,"0.45","20"
"9","-","ENSMUSG00000097195","ENSMUST00000180563",2,88522306,88522307,61,113,88521975,88521976,15,113,0.748344370860927,"0.45","20"
"9","-","ENSMUSG00000097777","ENSMUST00000185324",1,95954279,95954280,5,8,95946100,95946101,15,8,0.444444444444444,"0.4","5"
"9","+","ENSMUSG00000101581","ENSMUST00000189067",2,96769735,96769736,4,8,96769950,96769951,3,8,0.695652173913043,"0.2","10"
"9","+","ENSMUSG00000101581","ENSMUST00000190054",2,96769735,96769736,4,8,96769950,96769951,3,8,0.695652173913043,"0.2","10"
"9","+","ENSMUSG00000104399","ENSMUST00000195351",1,108389343,108389344,12,0,108389854,108389855,10,0,0,"0.5","2"
"9","-","ENSMUSG00000110834","ENSMUST00000214845",1,124282074,124282075,16,149,124271496,124271497,2,149,0.943037974683544,"0.25","4"
"9","-","ENSMUSG00000110834","ENSMUST00000214845",2,124271369,124271370,36,76,124271186,124271187,0,76,0.808510638297872,"0.25","4"
"9","-","ENSMUSG00000110834","ENSMUST00000214845",3,124271125,124271126,16,37,124270565,124270566,20,0,0.506849315068493,"0.25","4"
"10","-","ENSMUSG00000112360","ENSMUST00000218165",1,8021147,8021148,24,59,8002138,8002139,0,50,0.819548872180451,"0.5","2"
"10","-","ENSMUSG00000097378","ENSMUST00000180529",1,12922573,12922574,32,13,12922458,12922459,3,9,0.385964912280702,"0.25","4"
"10","-","ENSMUSG00000097378","ENSMUST00000180529",3,12921608,12921609,0,17,12917071,12917072,5,17,0.871794871794872,"0.25","4"
"10","+","ENSMUSG00000097923","ENSMUST00000180680",2,21146295,21146296,683,0,21152600,21152601,807,0,0,"0.333333333333333","3"
"10","+","ENSMUSG00000112314","ENSMUST00000220398",1,67297521,67297522,280,122,67349977,67349978,0,122,0.465648854961832,"0.2","5"
"10","+","ENSMUSG00000112314","ENSMUST00000220398",2,67350068,67350069,0,40,67352758,67352759,4,40,0.952380952380952,"0.2","5"
"10","+","ENSMUSG00000112314","ENSMUST00000220398",3,67352884,67352885,5,22,67418487,67418488,2,11,0.825,"0.2","5"
"10","+","ENSMUSG00000112314","ENSMUST00000220398",4,67418589,67418590,0,17,67418719,67418720,1,17,0.971428571428571,"0.2","5"
"10","-","ENSMUSG00000090860","ENSMUST00000166593",1,79864101,79864102,293,0,79864040,79864041,100,0,0,"0.5","2"
"10","-","ENSMUSG00000087672","ENSMUST00000135434",1,80282921,80282922,22,0,80282820,80282821,32,0,0,"0.5","2"
"10","-","ENSMUSG00000100201","ENSMUST00000187366",1,80589628,80589629,22,0,80588211,80588212,10,0,0,"0.5","2"
"10","+","ENSMUSG00000112593","ENSMUST00000218132",1,95318689,95318690,7,3,95323745,95323746,17,3,0.2,"0.5","2"
"10","+","ENSMUSG00000097331","ENSMUST00000219079",3,127197194,127197195,65,0,127200524,127200525,48,0,0,"0.333333333333333","6"
"10","+","ENSMUSG00000097331","ENSMUST00000181578",2,127197194,127197195,65,0,127200524,127200525,48,0,0,"0.333333333333333","6"
"10","+","ENSMUSG00000100548","ENSMUST00000188089",2,128543989,128543990,64,0,128545012,128545013,24,0,0,"0.333333333333333","9"
"10","+","ENSMUSG00000112742","ENSMUST00000218557",1,130542450,130542451,9,132,130571292,130571293,17,140,0.912751677852349,"0.333333333333333","3"
"10","+","ENSMUSG00000112742","ENSMUST00000218557",2,130571419,130571420,16,29,130571609,130571610,0,29,0.783783783783784,"0.333333333333333","3"
"11","-","ENSMUSG00000086049","ENSMUST00000146218",1,3193811,3193812,27,43,3193714,3193715,75,32,0.423728813559322,"0.5","2"
"11","+","ENSMUSG00000084941","ENSMUST00000152576",3,3312625,3312626,20,0,3317281,3317282,15,0,0,"0.166666666666667","6"
"11","+","ENSMUSG00000084941","ENSMUST00000152576",5,3319346,3319347,35,5,3320597,3320598,11,0,0.0980392156862745,"0.166666666666667","6"
"11","-","ENSMUSG00000085156","ENSMUST00000134527",1,6528547,6528548,26,224,6528374,6528375,51,228,0.854442344045369,"0.375","8"
"11","-","ENSMUSG00000087060","ENSMUST00000130392",1,16951019,16951020,57,16,16950930,16950931,6,16,0.336842105263158,"0.25","8"
"11","-","ENSMUSG00000087060","ENSMUST00000130392",2,16950881,16950882,60,16,16936564,16936565,13,21,0.336363636363636,"0.25","8"
"11","+","ENSMUSG00000086468","ENSMUST00000148496",1,17954085,17954086,10,156,17954792,17954793,1,141,0.964285714285714,"0.4","5"
"11","-","ENSMUSG00000087165","ENSMUST00000152790",1,57801233,57801234,0,16,57796397,57796398,0,15,1,"0.25","4"
"11","-","ENSMUSG00000087165","ENSMUST00000152790",2,57796311,57796312,9,22,57796173,57796174,1,21,0.811320754716981,"0.25","4"
"11","-","ENSMUSG00000087165","ENSMUST00000152790",3,57796025,57796026,7,15,57795794,57795795,2,17,0.780487804878049,"0.25","4"
"11","+","ENSMUSG00000087654","ENSMUST00000132394",1,58889909,58889910,10,0,58891176,58891177,15,0,0,"0.333333333333333","3"
"11","+","ENSMUSG00000087654","ENSMUST00000132394",2,58891344,58891345,48,0,58891470,58891471,18,0,0,"0.333333333333333","3"
"11","+","ENSMUSG00000072893","ENSMUST00000132226",1,59506886,59506887,0,34,59507190,59507191,0,34,1,"0.285714285714286","7"
"11","+","ENSMUSG00000086841","ENSMUST00000131787",3,62603646,62603647,141,406,62604402,62604403,59,386,0.798387096774194,"0.2","5"
"11","+","ENSMUSG00000087497","ENSMUST00000146333",2,64080014,64080015,17,0,64082652,64082653,0,59,0.776315789473684,"0.333333333333333","3"
"11","-","ENSMUSG00000087523","ENSMUST00000131642",1,70656292,70656293,24,0,70654896,70654897,14,3,0.0731707317073171,"0.5","2"
"11","+","ENSMUSG00000085148","ENSMUST00000149940",1,75461755,75461756,0,10,75463692,75463693,1,10,0.952380952380952,"0.333333333333333","3"
"11","+","ENSMUSG00000085148","ENSMUST00000149940",2,75463857,75463858,15,6,75465306,75465307,27,6,0.222222222222222,"0.333333333333333","3"
"11","-","ENSMUSG00000085175","ENSMUST00000152784",1,82780855,82780856,14,17,82780298,82780299,6,17,0.62962962962963,"0.5","4"
"11","-","ENSMUSG00000085175","ENSMUST00000136051",1,82780855,82780856,14,17,82780298,82780299,6,17,0.62962962962963,"0.5","4"
"11","+","ENSMUSG00000087107","ENSMUST00000145461",2,83224631,83224632,10,470,83225533,83225534,21,475,0.968237704918033,"0.428571428571429","7"
"11","+","ENSMUSG00000087107","ENSMUST00000143673",2,83224310,83224311,23,46,83224451,83224452,4,53,0.785714285714286,"0.428571428571429","7"
"11","+","ENSMUSG00000087107","ENSMUST00000143673",3,83224631,83224632,10,470,83225533,83225534,21,475,0.968237704918033,"0.428571428571429","7"
"11","+","ENSMUSG00000087107","ENSMUST00000142709",1,83224310,83224311,23,46,83224451,83224452,4,53,0.785714285714286,"0.428571428571429","7"
"11","+","ENSMUSG00000093483","ENSMUST00000177150",1,83291833,83291834,7,198,83291966,83291967,2,198,0.977777777777778,"0.333333333333333","9"
"11","+","ENSMUSG00000093483","ENSMUST00000177533",1,83291833,83291834,7,198,83291966,83291967,2,198,0.977777777777778,"0.333333333333333","9"
"11","+","ENSMUSG00000085208","ENSMUST00000128960",1,86201552,86201553,5,106,86206952,86206953,2,108,0.968325791855204,"0.222222222222222","9"
"11","+","ENSMUSG00000085208","ENSMUST00000143819",1,86201552,86201553,5,106,86206952,86206953,2,108,0.968325791855204,"0.222222222222222","9"
"11","-","ENSMUSG00000085310","ENSMUST00000129441",2,87123732,87123733,17,0,87122163,87122164,628,0,0,"0.333333333333333","3"
"11","+","ENSMUSG00000087574","ENSMUST00000138007",1,88719017,88719018,15,22,88719753,88719754,1,17,0.709090909090909,"0.3","10"
"11","+","ENSMUSG00000109967","ENSMUST00000210131",6,90264577,90264578,2,14,90266044,90266045,0,14,0.933333333333333,"0.142857142857143","7"
"11","+","ENSMUSG00000109967","ENSMUST00000210131",7,90266146,90266147,6,22,90267511,90267512,0,22,0.88,"0.142857142857143","7"
"11","-","ENSMUSG00000086191","ENSMUST00000155531",1,95712627,95712628,1,11,95700515,95700516,0,16,0.964285714285714,"0.5","2"
"11","+","ENSMUSG00000086015","ENSMUST00000146868",1,95859082,95859083,23,39,95859993,95859994,8,39,0.715596330275229,"0.5","2"
"11","+","ENSMUSG00000078700","ENSMUST00000131501",3,96939434,96939435,23,0,96939533,96939534,30,0,0,"0.166666666666667","12"
"11","+","ENSMUSG00000078700","ENSMUST00000131501",5,96941782,96941783,12,0,96944844,96944845,32,109,0.712418300653595,"0.166666666666667","12"
"11","+","ENSMUSG00000078700","ENSMUST00000131501",6,96945093,96945094,5,101,96952580,96952581,8,100,0.939252336448598,"0.166666666666667","12"
"11","+","ENSMUSG00000084936","ENSMUST00000132296",1,97161403,97161404,269,0,97161623,97161624,439,0,0,"0.5","2"
"11","+","ENSMUSG00000085860","ENSMUST00000145262",1,97615028,97615029,0,112,97618436,97618437,0,112,1,"0.333333333333333","6"
"11","-","ENSMUSG00000075576","ENSMUST00000153181",2,98801965,98801966,26,0,98799233,98799234,155,0,0,"0.428571428571429","7"
"11","-","ENSMUSG00000075576","ENSMUST00000139017",2,98801965,98801966,26,0,98799233,98799234,155,0,0,"0.428571428571429","7"
"11","+","ENSMUSG00000020812","ENSMUST00000139934",1,116671756,116671757,9,123,116672163,116672164,0,123,0.964705882352941,"0.285714285714286","14"
"11","+","ENSMUSG00000020812","ENSMUST00000139934",3,116672738,116672739,0,18,116673937,116673938,1,18,0.972972972972973,"0.285714285714286","14"
"11","+","ENSMUSG00000020812","ENSMUST00000106378",1,116671756,116671757,9,123,116672163,116672164,0,123,0.964705882352941,"0.285714285714286","14"
"11","+","ENSMUSG00000020812","ENSMUST00000106378",3,116672738,116672739,0,18,116673937,116673938,1,18,0.972972972972973,"0.285714285714286","14"
"11","+","ENSMUSG00000056032","ENSMUST00000156293",1,116752586,116752587,0,61,116753569,116753570,2,34,0.979381443298969,"0.285714285714286","7"
"11","+","ENSMUSG00000056032","ENSMUST00000156293",2,116753665,116753666,0,18,116754333,116754334,9,18,0.8,"0.285714285714286","7"
"11","+","ENSMUSG00000056032","ENSMUST00000132056",1,116752586,116752587,0,61,116753569,116753570,2,34,0.979381443298969,"0.285714285714286","7"
"11","+","ENSMUSG00000056032","ENSMUST00000132056",2,116753665,116753666,0,18,116754333,116754334,9,18,0.8,"0.285714285714286","7"
"11","+","ENSMUSG00000056032","ENSMUST00000132056",4,116755210,116755211,7,4,116755292,116755293,0,20,0.774193548387097,"0.285714285714286","7"
"11","-","ENSMUSG00000090758","ENSMUST00000163273",2,120709119,120709120,31,0,120689276,120689277,73,0,0,"0.333333333333333","3"
"11","+","ENSMUSG00000100629","ENSMUST00000189381",1,120963932,120963933,10,0,120964075,120964076,26,0,0,"0.5","2"
"12","+","ENSMUSG00000079179","ENSMUST00000178074",2,3237412,3237413,4,70,3237590,3237591,1,70,0.96551724137931,"0.266666666666667","15"
"12","+","ENSMUSG00000079179","ENSMUST00000178074",3,3237660,3237661,0,25,3238028,3238029,1,15,0.975609756097561,"0.266666666666667","15"
"12","+","ENSMUSG00000079179","ENSMUST00000177896",1,3237412,3237413,4,70,3237590,3237591,1,70,0.96551724137931,"0.266666666666667","15"
"12","+","ENSMUSG00000079179","ENSMUST00000177896",2,3237660,3237661,0,25,3238028,3238029,1,15,0.975609756097561,"0.266666666666667","15"
"12","+","ENSMUSG00000079179","ENSMUST00000177896",5,3241578,3241579,29,12,3247351,3247352,14,12,0.358208955223881,"0.266666666666667","15"
"12","+","ENSMUSG00000079179","ENSMUST00000179908",2,3237412,3237413,4,70,3237590,3237591,1,70,0.96551724137931,"0.266666666666667","15"
"12","+","ENSMUSG00000079179","ENSMUST00000179924",2,3237412,3237413,4,70,3237590,3237591,1,70,0.96551724137931,"0.266666666666667","15"
"12","+","ENSMUSG00000079179","ENSMUST00000179924",3,3237660,3237661,0,25,3238028,3238029,1,15,0.975609756097561,"0.266666666666667","15"
"12","+","ENSMUSG00000079179","ENSMUST00000179924",6,3241578,3241579,29,12,3247351,3247352,14,12,0.358208955223881,"0.266666666666667","15"
"12","+","ENSMUSG00000079179","ENSMUST00000179924",7,3247438,3247439,40,2,3249738,3249739,86,0,0.015625,"0.266666666666667","15"
"12","-","ENSMUSG00000071456","ENSMUST00000179637",2,3423099,3423100,11,0,3407924,3407925,4,41,0.732142857142857,"0.285714285714286","7"
"12","-","ENSMUSG00000111971","ENSMUST00000218352",1,4655793,4655794,15,0,4642260,4642261,34,0,0,"0.666666666666667","3"
"12","+","ENSMUSG00000099851","ENSMUST00000186876",1,31487529,31487530,86,0,31487565,31487566,15,0,0,"0.333333333333333","3"
"12","-","ENSMUSG00000112071","ENSMUST00000218836",1,32123621,32123622,25,10,32116207,32116208,9,1,0.244444444444444,"0.666666666666667","3"
"12","-","ENSMUSG00000052125","ENSMUST00000148740",1,33147131,33147132,26,26,33141116,33141117,2,39,0.698924731182796,"0.315789473684211","19"
"12","-","ENSMUSG00000052125","ENSMUST00000148740",2,33140955,33140956,30,24,33139786,33139787,7,24,0.564705882352941,"0.315789473684211","19"
"12","-","ENSMUSG00000052125","ENSMUST00000148740",3,33139572,33139573,23,3,33136043,33136044,35,4,0.107692307692308,"0.315789473684211","19"
"12","-","ENSMUSG00000085664","ENSMUST00000138617",3,33366264,33366265,12,0,33360040,33360041,14,0,0,"0.25","4"
"12","-","ENSMUSG00000090582","ENSMUST00000165676",1,40210626,40210627,19,0,40209673,40209674,16,0,0,"0.5","2"
"12","-","ENSMUSG00000085622","ENSMUST00000127129",1,71015506,71015507,2,176,71014507,71014508,1,174,0.991501416430595,"0.333333333333333","6"
"12","-","ENSMUSG00000085622","ENSMUST00000127129",2,71014455,71014456,9,22,71010479,71010480,4,22,0.771929824561403,"0.333333333333333","6"
"12","-","ENSMUSG00000085622","ENSMUST00000136690",1,71015506,71015507,2,176,71014507,71014508,1,174,0.991501416430595,"0.333333333333333","6"
"12","-","ENSMUSG00000085622","ENSMUST00000136690",2,71014455,71014456,9,22,71010479,71010480,4,22,0.771929824561403,"0.333333333333333","6"
"12","+","ENSMUSG00000073000","ENSMUST00000219367",1,76444665,76444666,3,237,76447974,76447975,0,227,0.993576017130621,"0.333333333333333","6"
"12","+","ENSMUSG00000073000","ENSMUST00000101281",1,76444665,76444666,3,237,76447974,76447975,0,227,0.993576017130621,"0.333333333333333","6"
"12","+","ENSMUSG00000073000","ENSMUST00000101281",3,76449832,76449833,82,0,76450145,76450146,14,0,0,"0.333333333333333","6"
"12","-","ENSMUSG00000097729","ENSMUST00000180643",2,80131813,80131814,1,9,80125126,80125127,9,21,0.75,"0.3","10"
"12","-","ENSMUSG00000112880","ENSMUST00000219062",2,80943041,80943042,2,11,80942942,80942943,0,11,0.916666666666667,"0.333333333333333","3"
"12","+","ENSMUSG00000090244","ENSMUST00000160258",1,81587903,81587904,17,0,81589466,81589467,52,0,0,"0.5","2"
"12","+","ENSMUSG00000092006","ENSMUST00000163802",1,84918542,84918543,498,0,84919062,84919063,50,0,0,"0.5","2"
"12","-","ENSMUSG00000113918","ENSMUST00000221468",1,87155330,87155331,18,0,87153194,87153195,42,0,0,"0.333333333333333","3"
"12","-","ENSMUSG00000113918","ENSMUST00000221468",2,87153038,87153039,21,0,87150333,87150334,15,0,0,"0.333333333333333","3"
"12","-","ENSMUSG00000112510","ENSMUST00000218404",2,98275380,98275381,217,0,98275215,98275216,349,0,0,"0.25","4"
"12","-","ENSMUSG00000112510","ENSMUST00000218404",3,98275027,98275028,411,0,98274892,98274893,75,0,0,"0.25","4"
"12","+","ENSMUSG00000114113","ENSMUST00000220642",1,101039189,101039190,37,0,101042596,101042597,470,3,0.00588235294117647,"0.5","2"
"12","+","ENSMUSG00000093579","ENSMUST00000177547",1,101913342,101913343,17,0,101914594,101914595,3,7,0.259259259259259,"0.5","2"
"12","-","ENSMUSG00000113585","ENSMUST00000220603",1,110485554,110485555,2,53,110484207,110484208,8,53,0.913793103448276,"0.333333333333333","9"
"12","-","ENSMUSG00000113585","ENSMUST00000220603",3,110478359,110478360,12,21,110477001,110477002,2,39,0.810810810810811,"0.333333333333333","9"
"12","-","ENSMUSG00000113769","ENSMUST00000221314",1,111944156,111944157,82,20,111943997,111943998,18,4,0.193548387096774,"0.333333333333333","3"
"12","-","ENSMUSG00000113769","ENSMUST00000221314",2,111943884,111943885,27,21,111943211,111943212,3,27,0.615384615384615,"0.333333333333333","3"
"12","-","ENSMUSG00000112980","ENSMUST00000220477",1,116404966,116404967,6,38,116404643,116404644,14,42,0.8,"0.5","2"
"13","+","ENSMUSG00000114138","ENSMUST00000222215",1,9685220,9685221,44,0,9689241,9689242,105,0,0,"0.4","5"
"13","+","ENSMUSG00000114138","ENSMUST00000222446",2,9685220,9685221,44,0,9689241,9689242,105,0,0,"0.4","5"
"13","+","ENSMUSG00000085788","ENSMUST00000122926",2,21444193,21444194,126,3,21444921,21444922,153,3,0.0210526315789474,"0.333333333333333","3"
"13","-","ENSMUSG00000075029","ENSMUST00000139822",1,23757554,23757555,0,23,23757235,23757236,1080,23,0.0408525754884547,"0.5","2"
"13","-","ENSMUSG00000112963","ENSMUST00000222963",2,33565234,33565235,34,14,33564403,33564404,84,14,0.191780821917808,"0.333333333333333","6"
"13","-","ENSMUSG00000112963","ENSMUST00000221792",1,33567627,33567628,42,0,33565286,33565287,36,17,0.178947368421053,"0.333333333333333","6"
"13","-","ENSMUSG00000112963","ENSMUST00000221792",2,33565234,33565235,34,14,33564403,33564404,84,14,0.191780821917808,"0.333333333333333","6"
"13","+","ENSMUSG00000086889","ENSMUST00000123212",2,48871681,48871682,13,0,48875233,48875234,19,0,0,"0.333333333333333","3"
"13","+","ENSMUSG00000110393","ENSMUST00000209951",2,65247767,65247768,7,6,65247968,65247969,0,12,0.72,"0.333333333333333","9"
"13","+","ENSMUSG00000110393","ENSMUST00000209951",3,65248029,65248030,0,12,65248975,65248976,17,12,0.585365853658537,"0.333333333333333","9"
"13","+","ENSMUSG00000110393","ENSMUST00000209344",2,65247767,65247768,7,6,65247968,65247969,0,12,0.72,"0.333333333333333","9"
"13","+","ENSMUSG00000110393","ENSMUST00000209344",3,65248029,65248030,0,12,65248975,65248976,17,12,0.585365853658537,"0.333333333333333","9"
"13","+","ENSMUSG00000110393","ENSMUST00000211729",2,65247767,65247768,7,6,65247968,65247969,0,12,0.72,"0.333333333333333","9"
"13","+","ENSMUSG00000110393","ENSMUST00000211729",3,65248029,65248030,0,12,65248975,65248976,17,12,0.585365853658537,"0.333333333333333","9"
"13","-","ENSMUSG00000091133","ENSMUST00000168625",1,69614522,69614523,27,1,69612995,69612996,112,4,0.0347222222222222,"0.5","2"
"13","-","ENSMUSG00000112964","ENSMUST00000220632",2,74462581,74462582,6,14,74450362,74450363,11,14,0.622222222222222,"0.222222222222222","9"
"13","-","ENSMUSG00000112964","ENSMUST00000220632",3,74450235,74450236,10,10,74450016,74450017,0,10,0.666666666666667,"0.222222222222222","9"
"13","-","ENSMUSG00000112964","ENSMUST00000220632",4,74449955,74449956,0,12,74448559,74448560,6,12,0.8,"0.222222222222222","9"
"13","-","ENSMUSG00000113047","ENSMUST00000222092",1,74564137,74564138,7,15,74563824,74563825,161,15,0.151515151515152,"0.285714285714286","7"
"13","-","ENSMUSG00000113204","ENSMUST00000221389",4,74611263,74611264,5,12,74610326,74610327,3,27,0.829787234042553,"0.19047619047619","21"
"13","-","ENSMUSG00000113204","ENSMUST00000222254",1,74617201,74617202,5,57,74612948,74612949,3,46,0.927927927927928,"0.19047619047619","21"
"13","-","ENSMUSG00000113204","ENSMUST00000222254",3,74611263,74611264,5,12,74610326,74610327,3,27,0.829787234042553,"0.19047619047619","21"
"13","-","ENSMUSG00000113204","ENSMUST00000220478",1,74617201,74617202,5,57,74612948,74612949,3,46,0.927927927927928,"0.19047619047619","21"
"13","-","ENSMUSG00000113204","ENSMUST00000220478",3,74611263,74611264,5,12,74610326,74610327,3,27,0.829787234042553,"0.19047619047619","21"
"13","-","ENSMUSG00000113204","ENSMUST00000222064",1,74617201,74617202,5,57,74612948,74612949,3,46,0.927927927927928,"0.19047619047619","21"
"13","-","ENSMUSG00000097793","ENSMUST00000181520",1,81783694,81783695,0,11,81783325,81783326,18,11,0.55,"0.5","2"
"13","+","ENSMUSG00000050334","ENSMUST00000131907",2,83732832,83732833,0,29,83734660,83734661,0,29,1,"0.285714285714286","7"
"13","+","ENSMUSG00000050334","ENSMUST00000182788",3,83732832,83732833,0,29,83734660,83734661,0,29,1,"0.285714285714286","7"
"13","+","ENSMUSG00000048603","ENSMUST00000126622",1,98317609,98317610,15,2,98319073,98319074,9,2,0.142857142857143,"0.375","8"
"13","-","ENSMUSG00000114934","ENSMUST00000223791",1,119704432,119704433,101,2,119700141,119700142,20,0,0.016260162601626,"0.5","2"
"14","-","ENSMUSG00000097577","ENSMUST00000180987",2,20688764,20688765,18,7,20688613,20688614,0,15,0.55,"0.5","4"
"14","-","ENSMUSG00000090861","ENSMUST00000166902",1,26637942,26637943,5,6,26628731,26628732,11,13,0.542857142857143,"0.5","2"
"14","+","ENSMUSG00000085913","ENSMUST00000122972",1,45588206,45588207,11,0,45588692,45588693,16,0,0,"0.333333333333333","3"
"14","+","ENSMUSG00000115097","ENSMUST00000228623",1,47276559,47276560,37,17,47276642,47276643,193,0,0.0688259109311741,"0.5","2"
"14","+","ENSMUSG00000097533","ENSMUST00000180857",1,52197551,52197552,12,0,52204825,52204826,29,0,0,"0.25","4"
"14","+","ENSMUSG00000097533","ENSMUST00000180857",2,52204995,52204996,14,0,52205692,52205693,20,0,0,"0.25","4"
"14","+","ENSMUSG00000097533","ENSMUST00000180857",3,52205759,52205760,12,0,52212862,52212863,80,0,0,"0.25","4"
"14","+","ENSMUSG00000040840","ENSMUST00000167763",1,54650548,54650549,17,0,54651064,54651065,39,0,0,"0.166666666666667","6"
"14","+","ENSMUSG00000040840","ENSMUST00000167763",2,54651268,54651269,11,0,54651739,54651740,152,0,0,"0.166666666666667","6"
"14","+","ENSMUSG00000097303","ENSMUST00000224786",2,58002419,58002420,6,6,58002979,58002980,6,16,0.647058823529412,"0.333333333333333","3"
"14","-","ENSMUSG00000097589","ENSMUST00000182957",2,61643963,61643964,155,36,61643455,61643456,30,191,0.550970873786408,"0.433333333333333","30"
"14","-","ENSMUSG00000098183","ENSMUST00000182727",1,61626703,61626704,78,0,61626154,61626155,24,0,0,"0.5","2"
"14","+","ENSMUSG00000098088","ENSMUST00000183304",1,61629707,61629708,83,0,61630286,61630287,38,0,0,"0.5","2"
"14","-","ENSMUSG00000085984","ENSMUST00000153646",2,66295954,66295955,1,16,66295586,66295587,0,14,0.967741935483871,"0.333333333333333","6"
"14","-","ENSMUSG00000091509","ENSMUST00000165350",1,105114119,105114120,25,25,105113527,105113528,20,25,0.526315789473684,"0.25","4"
"14","-","ENSMUSG00000091509","ENSMUST00000165350",2,105113468,105113469,25,12,105112402,105112403,36,4,0.207792207792208,"0.25","4"
"14","-","ENSMUSG00000091509","ENSMUST00000165350",3,105112318,105112319,5,7,105109802,105109803,17,18,0.531914893617021,"0.25","4"
"14","+","ENSMUSG00000089726","ENSMUST00000134140",1,115042957,115042958,406,8,115043270,115043271,13,0,0.0187353629976581,"0.5","2"
"14","-","ENSMUSG00000097903","ENSMUST00000181685",2,120387320,120387321,11,0,120385178,120385179,17,0,0,"0.333333333333333","3"
"14","-","ENSMUSG00000102112","ENSMUST00000187218",1,121878123,121878124,0,18,121877011,121877012,6,16,0.85,"0.5","4"
"14","-","ENSMUSG00000085615","ENSMUST00000144926",1,122106278,122106279,13,0,122106170,122106171,21,0,0,"0.333333333333333","3"
"15","-","ENSMUSG00000089647","ENSMUST00000160698",1,6654151,6654152,12,0,6652521,6652522,11,0,0,"0.142857142857143","7"
"15","-","ENSMUSG00000115829","ENSMUST00000228236",1,35372694,35372695,76,0,35372160,35372161,14,0,0,"0.333333333333333","3"
"15","-","ENSMUSG00000072618","ENSMUST00000100713",1,36879687,36879688,4,21,36872417,36872418,25,18,0.573529411764706,"0.5","2"
"15","+","ENSMUSG00000097039","ENSMUST00000180432",6,62242301,62242302,0,16,62242433,62242434,0,16,1,"0.166666666666667","18"
"15","+","ENSMUSG00000097039","ENSMUST00000180432",7,62242561,62242562,0,34,62244718,62244719,1,29,0.984375,"0.166666666666667","18"
"15","+","ENSMUSG00000097039","ENSMUST00000180432",8,62244857,62244858,5,5,62249157,62249158,0,16,0.807692307692308,"0.166666666666667","18"
"15","+","ENSMUSG00000097039","ENSMUST00000181416",4,62242301,62242302,0,16,62242433,62242434,0,16,1,"0.166666666666667","18"
"15","+","ENSMUSG00000097039","ENSMUST00000181657",4,62242301,62242302,0,16,62242433,62242434,0,16,1,"0.166666666666667","18"
"15","+","ENSMUSG00000097039","ENSMUST00000181657",5,62242561,62242562,0,34,62244718,62244719,1,29,0.984375,"0.166666666666667","18"
"15","+","ENSMUSG00000097039","ENSMUST00000181657",6,62244857,62244858,5,5,62249157,62249158,0,16,0.807692307692308,"0.166666666666667","18"
"15","-","ENSMUSG00000096967","ENSMUST00000180413",1,68337038,68337039,104,3,68336942,68336943,25,3,0.0444444444444444,"0.333333333333333","3"
"15","+","ENSMUSG00000097057","ENSMUST00000181255",1,77961847,77961848,12,0,77962957,77962958,18,0,0,"0.5","2"
"15","-","ENSMUSG00000116097","ENSMUST00000229702",1,78581484,78581485,3,21,78574672,78574673,0,19,0.930232558139535,"0.5","2"
"15","+","ENSMUSG00000087543","ENSMUST00000128342",2,79743230,79743231,1,10,79744512,79744513,4,10,0.8,"0.25","4"
"15","-","ENSMUSG00000075511","ENSMUST00000100370",2,83365028,83365029,1,58,83363928,83363929,0,23,0.98780487804878,"0.3","10"
"15","-","ENSMUSG00000075511","ENSMUST00000100370",3,83363819,83363820,16,1,83358950,83358951,9,36,0.596774193548387,"0.3","10"
"15","+","ENSMUSG00000091050","ENSMUST00000163781",1,98567525,98567526,34,5,98567638,98567639,28,5,0.138888888888889,"0.5","2"
"16","-","ENSMUSG00000084790","ENSMUST00000150906",1,4037343,4037344,9,8,4034675,4034676,8,8,0.484848484848485,"0.4","5"
"16","-","ENSMUSG00000084790","ENSMUST00000139334",1,4037343,4037344,9,8,4034675,4034676,8,8,0.484848484848485,"0.4","5"
"16","+","ENSMUSG00000097537","ENSMUST00000181526",1,11203747,11203748,2,12,11223236,11223237,90,17,0.239669421487603,"0.4","5"
"16","+","ENSMUSG00000097537","ENSMUST00000230245",1,11203747,11203748,2,12,11223236,11223237,90,17,0.239669421487603,"0.4","5"
"16","+","ENSMUSG00000116743","ENSMUST00000232426",3,17276468,17276469,0,35,17276633,17276634,0,35,1,"0.333333333333333","3"
"16","+","ENSMUSG00000097290","ENSMUST00000211443",1,21794446,21794447,8,181,21795849,21795850,1,181,0.975741239892183,"0.285714285714286","14"
"16","+","ENSMUSG00000097290","ENSMUST00000211443",3,21807119,21807120,14,0,21808677,21808678,1,39,0.722222222222222,"0.285714285714286","14"
"16","+","ENSMUSG00000097290","ENSMUST00000181780",1,21794446,21794447,8,181,21795849,21795850,1,181,0.975741239892183,"0.285714285714286","14"
"16","+","ENSMUSG00000097290","ENSMUST00000181780",3,21800836,21800837,9,31,21801280,21801281,2,31,0.849315068493151,"0.285714285714286","14"
"16","+","ENSMUSG00000097290","ENSMUST00000181780",4,21801356,21801357,25,5,21802952,21802953,10,5,0.222222222222222,"0.285714285714286","14"
"16","+","ENSMUSG00000097290","ENSMUST00000209728",1,21794446,21794447,8,181,21795849,21795850,1,181,0.975741239892183,"0.285714285714286","14"
"16","+","ENSMUSG00000097290","ENSMUST00000209728",2,21795975,21795976,30,71,21800714,21800715,5,14,0.708333333333333,"0.285714285714286","14"
"16","+","ENSMUSG00000097290","ENSMUST00000209728",3,21800836,21800837,9,31,21801280,21801281,2,31,0.849315068493151,"0.285714285714286","14"
"16","+","ENSMUSG00000097290","ENSMUST00000180830",1,21794446,21794447,8,181,21795849,21795850,1,181,0.975741239892183,"0.285714285714286","14"
"16","+","ENSMUSG00000097290","ENSMUST00000180830",2,21795975,21795976,30,71,21800714,21800715,5,14,0.708333333333333,"0.285714285714286","14"
"16","+","ENSMUSG00000097290","ENSMUST00000180830",3,21800836,21800837,9,31,21801280,21801281,2,31,0.849315068493151,"0.285714285714286","14"
"16","+","ENSMUSG00000097290","ENSMUST00000180830",4,21801356,21801357,25,5,21802952,21802953,10,5,0.222222222222222,"0.285714285714286","14"
"16","-","ENSMUSG00000116891","ENSMUST00000232318",1,29834568,29834569,69,94,29829798,29829799,5,94,0.717557251908397,"0.5","2"
"16","-","ENSMUSG00000090214","ENSMUST00000148293",1,33786922,33786923,3,175,33786418,33786419,6,177,0.975069252077562,"0.333333333333333","6"
"16","-","ENSMUSG00000090214","ENSMUST00000148293",2,33786352,33786353,87,96,33770747,33770748,55,86,0.561728395061728,"0.333333333333333","6"
"16","+","ENSMUSG00000098371","ENSMUST00000122365",1,55966438,55966439,12,474,55966546,55966547,17,474,0.970317297850563,"0.5","2"
"16","+","ENSMUSG00000098371","ENSMUST00000122365",2,55966622,55966623,37,552,55967059,55967060,12,559,0.957758620689655,"0.5","2"
"16","+","ENSMUSG00000098371","ENSMUST00000122365",3,55967170,55967171,15,161,55969509,55969510,0,161,0.955489614243323,"0.5","2"
"16","+","ENSMUSG00000098371","ENSMUST00000122365",4,55969646,55969647,26,3403,55970111,55970112,14,3403,0.994157172071283,"0.5","2"
"16","+","ENSMUSG00000085169","ENSMUST00000156242",1,91689280,91689281,19,4,91708777,91708778,20,4,0.170212765957447,"0.166666666666667","6"
"16","+","ENSMUSG00000085169","ENSMUST00000156242",5,91714150,91714151,14,0,91714816,91714817,7,6,0.222222222222222,"0.166666666666667","6"
"17","+","ENSMUSG00000060149","ENSMUST00000232328",1,16951708,16951709,13,81,16970899,16970900,5,53,0.881578947368421,"0.25","4"
"17","+","ENSMUSG00000060149","ENSMUST00000232328",2,16971026,16971027,15,30,16971170,16971171,12,54,0.756756756756757,"0.25","4"
"17","+","ENSMUSG00000060149","ENSMUST00000232328",3,16971231,16971232,20,27,16972424,16972425,1,25,0.712328767123288,"0.25","4"
"17","+","ENSMUSG00000116802","ENSMUST00000231355",1,17235025,17235026,4,31,17262477,17262478,2,31,0.911764705882353,"0.25","4"
"17","+","ENSMUSG00000116802","ENSMUST00000231355",2,17262604,17262605,2,89,17262846,17262847,0,89,0.988888888888889,"0.25","4"
"17","+","ENSMUSG00000116802","ENSMUST00000231355",3,17262907,17262908,3,75,17264211,17264212,3,75,0.961538461538462,"0.25","4"
"17","+","ENSMUSG00000072761","ENSMUST00000186431",1,17294589,17294590,23,49,17316077,17316078,0,47,0.80672268907563,"0.25","4"
"17","+","ENSMUSG00000072761","ENSMUST00000186431",2,17316204,17316205,11,57,17316443,17316444,2,57,0.897637795275591,"0.25","4"
"17","+","ENSMUSG00000072761","ENSMUST00000186431",3,17316504,17316505,12,79,17317913,17317914,2,72,0.915151515151515,"0.25","4"
"17","-","ENSMUSG00000097379","ENSMUST00000181390",3,17393924,17393925,298,0,17392125,17392126,64,0,0,"0.2","5"
"17","-","ENSMUSG00000073437","ENSMUST00000181014",1,24414311,24414312,97,33,24413928,24413929,13,20,0.325153374233129,"0.315789473684211","19"
"17","-","ENSMUSG00000073437","ENSMUST00000181014",3,24412466,24412467,25,10,24412083,24412084,55,18,0.259259259259259,"0.315789473684211","19"
"17","-","ENSMUSG00000073437","ENSMUST00000181014",4,24411924,24411925,0,10,24410353,24410354,1,10,0.952380952380952,"0.315789473684211","19"
"17","-","ENSMUSG00000073437","ENSMUST00000181014",5,24410257,24410258,18,13,24410171,24410172,243,13,0.0905923344947735,"0.315789473684211","19"
"17","-","ENSMUSG00000073437","ENSMUST00000181259",2,24412466,24412467,25,10,24412083,24412084,55,18,0.259259259259259,"0.315789473684211","19"
"17","-","ENSMUSG00000073437","ENSMUST00000181259",3,24411924,24411925,0,10,24410353,24410354,1,10,0.952380952380952,"0.315789473684211","19"
"17","-","ENSMUSG00000073437","ENSMUST00000181259",4,24410257,24410258,18,13,24410171,24410172,243,13,0.0905923344947735,"0.315789473684211","19"
"17","-","ENSMUSG00000073437","ENSMUST00000181760",1,24414311,24414312,97,33,24413928,24413929,13,20,0.325153374233129,"0.315789473684211","19"
"17","-","ENSMUSG00000073437","ENSMUST00000181760",3,24412466,24412467,25,10,24412083,24412084,55,18,0.259259259259259,"0.315789473684211","19"
"17","-","ENSMUSG00000073437","ENSMUST00000181760",4,24411924,24411925,0,10,24410353,24410354,1,10,0.952380952380952,"0.315789473684211","19"
"17","-","ENSMUSG00000073437","ENSMUST00000181760",5,24410257,24410258,18,13,24410171,24410172,243,13,0.0905923344947735,"0.315789473684211","19"
"17","-","ENSMUSG00000073437","ENSMUST00000180390",2,24412466,24412467,25,10,24412083,24412084,55,18,0.259259259259259,"0.315789473684211","19"
"17","-","ENSMUSG00000073437","ENSMUST00000180579",1,24414311,24414312,97,33,24413928,24413929,13,20,0.325153374233129,"0.315789473684211","19"
"17","+","ENSMUSG00000099329","ENSMUST00000150388",2,29663306,29663307,4,90,29674138,29674139,0,90,0.978260869565217,"0.142857142857143","7"
"17","+","ENSMUSG00000099329","ENSMUST00000150388",3,29674290,29674291,0,49,29676130,29676131,4,49,0.96078431372549,"0.142857142857143","7"
"17","+","ENSMUSG00000099329","ENSMUST00000150388",4,29676289,29676290,13,761,29678989,29678990,6,763,0.987686325340246,"0.142857142857143","7"
"17","+","ENSMUSG00000099329","ENSMUST00000150388",5,29679082,29679083,13,354,29680588,29680589,3,357,0.977991746905089,"0.142857142857143","7"
"17","+","ENSMUSG00000099329","ENSMUST00000150388",6,29680660,29680661,1,64,29681917,29681918,3,64,0.96969696969697,"0.142857142857143","7"
"17","-","ENSMUSG00000118341","ENSMUST00000235858",2,30530153,30530154,1,106,30527665,30527666,0,106,0.995305164319249,"0.5","2"
"17","-","ENSMUSG00000118341","ENSMUST00000235858",3,30527301,30527302,0,23,30524977,30524978,3,23,0.938775510204082,"0.5","2"
"17","-","ENSMUSG00000118341","ENSMUST00000235858",4,30524712,30524713,0,27,30517323,30517324,1,28,0.982142857142857,"0.5","2"
"17","-","ENSMUSG00000118341","ENSMUST00000235858",5,30517103,30517104,4,83,30513675,30513676,16,83,0.89247311827957,"0.5","2"
"17","-","ENSMUSG00000099474","ENSMUST00000188852",2,30624880,30624881,0,25,30624613,30624614,0,25,1,"0.25","4"
"17","-","ENSMUSG00000099474","ENSMUST00000188852",3,30624199,30624200,0,51,30622694,30622695,29,52,0.78030303030303,"0.25","4"
"17","+","ENSMUSG00000097305","ENSMUST00000236612",2,32130361,32130362,12,0,32132904,32132905,28,0,0,"0.4","5"
"17","+","ENSMUSG00000097030","ENSMUST00000181318",3,32819385,32819386,79,0,32820973,32820974,28,0,0,"0.25","4"
"17","+","ENSMUSG00000092412","ENSMUST00000163245",3,33642056,33642057,1,16,33642129,33642130,6,16,0.82051282051282,"0.1","10"
"17","+","ENSMUSG00000092412","ENSMUST00000163245",4,33642206,33642207,15,0,33644690,33644691,12,0,0,"0.1","10"
"17","+","ENSMUSG00000118084","ENSMUST00000235802",1,33981723,33981724,17,6,33982290,33982291,19,0,0.142857142857143,"0.5","2"
"17","-","ENSMUSG00000092595","ENSMUST00000168978",2,34030565,34030566,18,201,34030421,34030422,20,201,0.913636363636364,"0.111111111111111","9"
"17","-","ENSMUSG00000092595","ENSMUST00000168978",3,34030367,34030368,13,206,34030254,34030255,27,206,0.911504424778761,"0.111111111111111","9"
"17","-","ENSMUSG00000092595","ENSMUST00000168978",4,34030089,34030090,0,102,34029983,34029984,5,102,0.976076555023923,"0.111111111111111","9"
"17","-","ENSMUSG00000092595","ENSMUST00000168978",6,34029509,34029510,0,54,34029068,34029069,0,54,1,"0.111111111111111","9"
"17","-","ENSMUSG00000092595","ENSMUST00000168978",7,34027202,34027203,7,244,34027101,34027102,17,244,0.953125,"0.111111111111111","9"
"17","-","ENSMUSG00000092595","ENSMUST00000168978",8,34026850,34026851,0,116,34026705,34026706,0,120,1,"0.111111111111111","9"
"17","-","ENSMUSG00000092595","ENSMUST00000168978",9,34026662,34026663,5,149,34026470,34026471,0,145,0.983277591973244,"0.111111111111111","9"
"17","-","ENSMUSG00000092176","ENSMUST00000168709",3,34626458,34626459,0,24,34625931,34625932,0,24,1,"0.1","10"
"17","-","ENSMUSG00000092176","ENSMUST00000168709",5,34625636,34625637,10,27,34623114,34623115,1,27,0.830769230769231,"0.1","10"
"17","-","ENSMUSG00000092176","ENSMUST00000168709",7,34622850,34622851,0,14,34617718,34617719,0,14,1,"0.1","10"
"17","-","ENSMUSG00000092203","ENSMUST00000174714",1,34952351,34952352,7,380,34952173,34952174,31,364,0.951406649616368,"0.375","8"
"17","-","ENSMUSG00000092203","ENSMUST00000174714",3,34950697,34950698,29,259,34950475,34950476,14,606,0.952643171806167,"0.375","8"
"17","-","ENSMUSG00000092203","ENSMUST00000173070",1,34952351,34952352,7,380,34952173,34952174,31,364,0.951406649616368,"0.375","8"
"17","-","ENSMUSG00000092203","ENSMUST00000172501",1,34952351,34952352,7,380,34952173,34952174,31,364,0.951406649616368,"0.375","8"
"17","-","ENSMUSG00000092203","ENSMUST00000172501",4,34950697,34950698,29,259,34950475,34950476,14,606,0.952643171806167,"0.375","8"
"17","-","ENSMUSG00000092241","ENSMUST00000173576",1,35126157,35126158,12,5,35123238,35123239,203,5,0.0444444444444444,"0.5","2"
"17","+","ENSMUSG00000084998","ENSMUST00000149452",1,35896991,35896992,4,7,35904264,35904265,6,7,0.583333333333333,"0.2","5"
"17","+","ENSMUSG00000097119","ENSMUST00000181149",1,45434227,45434228,0,37,45436082,45436083,0,37,1,"0.333333333333333","3"
"17","+","ENSMUSG00000084880","ENSMUST00000155812",1,47688117,47688118,54,0,47688567,47688568,13,0,0,"0.333333333333333","3"
"17","-","ENSMUSG00000079414","ENSMUST00000233806",2,57103349,57103350,2,30,57102518,57102519,20,0,0.576923076923077,"0.25","12"
"17","-","ENSMUSG00000090565","ENSMUST00000164605",2,63308486,63308487,15,0,63306138,63306139,13,0,0,"0.25","4"
"17","-","ENSMUSG00000096988","ENSMUST00000181032",2,69424421,69424422,10,0,69418134,69418135,14,0,0,"0.333333333333333","3"
"17","-","ENSMUSG00000085492","ENSMUST00000137830",1,71597935,71597936,8,57,71590522,71590523,22,70,0.808917197452229,"0.142857142857143","7"
"17","-","ENSMUSG00000085492","ENSMUST00000137830",2,71590487,71590488,22,66,71588984,71588985,0,19,0.794392523364486,"0.142857142857143","7"
"17","-","ENSMUSG00000097546","ENSMUST00000181387",2,74611432,74611433,155,0,74609380,74609381,2,16,0.092485549132948,"0.25","4"
"17","+","ENSMUSG00000117611","ENSMUST00000234776",1,83956581,83956582,21,0,83957342,83957343,11,0,0,"0.5","2"
"17","-","ENSMUSG00000117485","ENSMUST00000234741",2,84135351,84135352,1,21,84135002,84135003,2,17,0.926829268292683,"0.25","12"
"17","-","ENSMUSG00000117485","ENSMUST00000234314",4,84135351,84135352,1,21,84135002,84135003,2,17,0.926829268292683,"0.25","12"
"17","-","ENSMUSG00000066057","ENSMUST00000234189",1,94834691,94834692,3,15,94820396,94820397,4,28,0.86,"0.375","8"
"17","-","ENSMUSG00000066057","ENSMUST00000234189",2,94820335,94820336,7,39,94818944,94818945,12,39,0.804123711340206,"0.375","8"
"17","-","ENSMUSG00000066057","ENSMUST00000182639",1,94834691,94834692,3,15,94820396,94820397,4,28,0.86,"0.375","8"
"17","-","ENSMUSG00000066057","ENSMUST00000182639",2,94820335,94820336,7,39,94818944,94818945,12,39,0.804123711340206,"0.375","8"
"17","+","ENSMUSG00000095193","ENSMUST00000234295",1,94865012,94865013,0,41,94873985,94873986,2,41,0.976190476190476,"0.25","4"
"17","+","ENSMUSG00000095193","ENSMUST00000234295",2,94874112,94874113,0,50,94874301,94874302,0,50,1,"0.25","4"
"17","+","ENSMUSG00000095193","ENSMUST00000234295",3,94874362,94874363,0,26,94875525,94875526,4,26,0.928571428571429,"0.25","4"
"18","+","ENSMUSG00000091165","ENSMUST00000168187",1,6214054,6214055,57,0,6227212,6227213,17,0,0,"0.5","2"
"18","-","ENSMUSG00000097748","ENSMUST00000180550",2,31785549,31785550,3,19,31782522,31782523,123,0,0.131034482758621,"0.333333333333333","3"
"18","+","ENSMUSG00000087590","ENSMUST00000146010",2,33795445,33795446,36,28,33795852,33795853,32,30,0.46031746031746,"0.333333333333333","3"
"18","+","ENSMUSG00000117869","ENSMUST00000235679",1,35553469,35553470,119,433,35554426,35554427,28,433,0.854886475814413,"0.25","4"
"18","+","ENSMUSG00000117841","ENSMUST00000235919",1,35799872,35799873,27,175,35799951,35799952,12,167,0.897637795275591,"0.5","2"
"18","+","ENSMUSG00000117841","ENSMUST00000235919",2,35800029,35800030,100,37,35800109,35800110,13,45,0.420512820512821,"0.5","2"
"18","+","ENSMUSG00000117841","ENSMUST00000235919",3,35800215,35800216,19,92,35801273,35801274,13,92,0.851851851851852,"0.5","2"
"18","+","ENSMUSG00000102828","ENSMUST00000192984",3,37833353,37833354,0,19,37839902,37839903,3,19,0.926829268292683,"0.666666666666667","3"
"18","-","ENSMUSG00000097080","ENSMUST00000236219",2,38249713,38249714,128,20,38240953,38240954,25,16,0.19047619047619,"0.25","8"
"18","-","ENSMUSG00000097080","ENSMUST00000236219",3,38240838,38240839,58,7,38240753,38240754,67,0,0.053030303030303,"0.25","8"
"18","-","ENSMUSG00000097080","ENSMUST00000236219",4,38240657,38240658,26,0,38239751,38239752,11,13,0.26,"0.25","8"
"18","+","ENSMUSG00000098702","ENSMUST00000184530",1,61734467,61734468,4,10,61735597,61735598,12,59,0.811764705882353,"0.6","5"
"18","-","ENSMUSG00000097835","ENSMUST00000180450",1,67774402,67774403,24,7,67773954,67773955,18,7,0.25,"0.5","2"
"19","-","ENSMUSG00000086107","ENSMUST00000156285",1,4000931,4000932,24,0,4000818,4000819,27,0,0,"0.5","2"
"19","-","ENSMUSG00000117905","ENSMUST00000235329",1,4191018,4191019,0,23,4190835,4190836,1,24,0.979166666666667,"0.0833333333333333","12"
"19","-","ENSMUSG00000117905","ENSMUST00000235329",2,4190663,4190664,0,17,4189963,4189964,5,17,0.871794871794872,"0.0833333333333333","12"
"19","-","ENSMUSG00000117905","ENSMUST00000235329",3,4189863,4189864,5,31,4189513,4189514,3,31,0.885714285714286,"0.0833333333333333","12"
"19","-","ENSMUSG00000117905","ENSMUST00000235329",4,4189405,4189406,1,50,4189319,4189320,0,50,0.99009900990099,"0.0833333333333333","12"
"19","-","ENSMUSG00000117905","ENSMUST00000235329",5,4189212,4189213,2,55,4189058,4189059,6,45,0.925925925925926,"0.0833333333333333","12"
"19","-","ENSMUSG00000117905","ENSMUST00000235329",6,4188943,4188944,13,18,4188311,4188312,9,18,0.620689655172414,"0.0833333333333333","12"
"19","-","ENSMUSG00000117905","ENSMUST00000235329",7,4187941,4187942,7,31,4185506,4185507,1,31,0.885714285714286,"0.0833333333333333","12"
"19","-","ENSMUSG00000117905","ENSMUST00000235329",8,4185351,4185352,6,28,4185073,4185074,0,25,0.898305084745763,"0.0833333333333333","12"
"19","+","ENSMUSG00000095913","ENSMUST00000178699",1,4801860,4801861,17,0,4804559,4804560,53,0,0,"0.25","4"
"19","+","ENSMUSG00000097404","ENSMUST00000180505",1,6012684,6012685,10,0,6014228,6014229,104,23,0.167883211678832,"0.2","5"
"19","+","ENSMUSG00000097404","ENSMUST00000180505",2,6014356,6014357,124,0,6014868,6014869,18,0,0,"0.2","5"
"19","+","ENSMUSG00000108414","ENSMUST00000206155",9,8726102,8726103,12,122,8726238,8726239,11,122,0.913857677902622,"0.25","16"
"19","+","ENSMUSG00000108414","ENSMUST00000205909",8,8726102,8726103,12,122,8726238,8726239,11,122,0.913857677902622,"0.25","16"
"19","+","ENSMUSG00000108414","ENSMUST00000205825",8,8726102,8726103,12,122,8726238,8726239,11,122,0.913857677902622,"0.25","16"
"19","+","ENSMUSG00000108414","ENSMUST00000206029",3,8726102,8726103,12,122,8726238,8726239,11,122,0.913857677902622,"0.25","16"
"19","+","ENSMUSG00000118100","ENSMUST00000235986",2,9901077,9901078,0,10,9902516,9902517,10,10,0.666666666666667,"0.333333333333333","3"
"19","-","ENSMUSG00000118021","ENSMUST00000237423",1,21833592,21833593,10,0,21832123,21832124,15,0,0,"0.5","2"
"19","-","ENSMUSG00000097855","ENSMUST00000236439",3,29473098,29473099,34,0,29472056,29472057,53,0,0,"0.235294117647059","17"
"19","+","ENSMUSG00000097792","ENSMUST00000181109",2,40589911,40589912,13,0,40593927,40593928,16,0,0,"0.333333333333333","3"
"19","-","ENSMUSG00000090117","ENSMUST00000160992",1,42562971,42562972,30,0,42562804,42562805,119,0,0,"0.25","4"
"19","-","ENSMUSG00000118204","ENSMUST00000237298",1,44984474,44984475,12,0,44973281,44973282,36,0,0,"0.333333333333333","6"
"19","+","ENSMUSG00000087367","ENSMUST00000133963",1,45749677,45749678,13,10,45751729,45751730,479,10,0.0390625,"0.5","2"
"X","-","ENSMUSG00000063018","ENSMUST00000150671",2,7429506,7429507,0,10,7424284,7424285,0,10,1,"0.333333333333333","6"
"X","-","ENSMUSG00000103436","ENSMUST00000126170",1,7605243,7605244,1,32,7604337,7604338,0,32,0.984615384615385,"0.0666666666666667","15"
"X","-","ENSMUSG00000103436","ENSMUST00000126170",2,7604159,7604160,2,120,7600753,7600754,0,120,0.991735537190083,"0.0666666666666667","15"
"X","-","ENSMUSG00000103436","ENSMUST00000126170",3,7600620,7600621,3,133,7599735,7599736,14,133,0.939929328621908,"0.0666666666666667","15"
"X","-","ENSMUSG00000103436","ENSMUST00000126170",4,7599628,7599629,5,21,7599500,7599501,5,21,0.807692307692308,"0.0666666666666667","15"
"X","-","ENSMUSG00000103436","ENSMUST00000126170",5,7599157,7599158,4,19,7597732,7597733,1,19,0.883720930232558,"0.0666666666666667","15"
"X","-","ENSMUSG00000103436","ENSMUST00000126170",6,7596730,7596731,5,55,7596613,7596614,0,55,0.956521739130435,"0.0666666666666667","15"
"X","-","ENSMUSG00000103436","ENSMUST00000126170",7,7595902,7595903,0,58,7595821,7595822,1,58,0.991452991452991,"0.0666666666666667","15"
"X","-","ENSMUSG00000103436","ENSMUST00000126170",8,7595704,7595705,0,96,7595587,7595588,2,96,0.989690721649485,"0.0666666666666667","15"
"X","-","ENSMUSG00000103436","ENSMUST00000126170",9,7595485,7595486,0,103,7595403,7595404,0,103,1,"0.0666666666666667","15"
"X","-","ENSMUSG00000103436","ENSMUST00000126170",10,7595295,7595296,0,114,7595055,7595056,0,114,1,"0.0666666666666667","15"
"X","-","ENSMUSG00000103436","ENSMUST00000126170",11,7594959,7594960,2,382,7594743,7594744,0,382,0.997389033942559,"0.0666666666666667","15"
"X","-","ENSMUSG00000103436","ENSMUST00000126170",12,7594683,7594684,4,49,7594604,7594605,0,49,0.96078431372549,"0.0666666666666667","15"
"X","-","ENSMUSG00000103436","ENSMUST00000126170",13,7594529,7594530,0,138,7594167,7594168,1,138,0.996389891696751,"0.0666666666666667","15"
"X","+","ENSMUSG00000087193","ENSMUST00000126286",3,8071064,8071065,126,0,8072346,8072347,621,0,0,"0.25","4"
"X","+","ENSMUSG00000055188","ENSMUST00000124018",2,8146618,8146619,4,8,8147555,8147556,9,8,0.551724137931034,"0.333333333333333","3"
"X","-","ENSMUSG00000085587","ENSMUST00000141174",1,10718265,10718266,23,0,10717570,10717571,15,0,0,"0.5","2"
"X","+","ENSMUSG00000087424","ENSMUST00000127521",1,13042109,13042110,3,11,13043556,13043557,13,11,0.578947368421053,"0.4","5"
"X","+","ENSMUSG00000086877","ENSMUST00000136447",1,20962657,20962658,82,46,20967728,20967729,3,47,0.52247191011236,"0.166666666666667","6"
"X","+","ENSMUSG00000086877","ENSMUST00000136447",3,20985465,20985466,3,17,20985989,20985990,9,3,0.625,"0.166666666666667","6"
"X","-","ENSMUSG00000085396","ENSMUST00000203933",1,50634944,50634945,0,32,50630995,50630996,2,32,0.96969696969697,"0.217391304347826","46"
"X","-","ENSMUSG00000085396","ENSMUST00000203933",3,50626436,50626437,0,27,50615515,50615516,0,23,1,"0.217391304347826","46"
"X","-","ENSMUSG00000085396","ENSMUST00000203933",4,50615360,50615361,6,8,50612850,50612851,6,8,0.571428571428571,"0.217391304347826","46"
"X","-","ENSMUSG00000085396","ENSMUST00000203933",7,50608477,50608478,6,21,50603525,50603526,8,23,0.758620689655172,"0.217391304347826","46"
"X","-","ENSMUSG00000085396","ENSMUST00000203933",11,50595460,50595461,0,24,50592085,50592086,1,24,0.979591836734694,"0.217391304347826","46"
"X","-","ENSMUSG00000085396","ENSMUST00000203933",12,50591924,50591925,0,30,50584847,50584848,0,30,1,"0.217391304347826","46"
"X","-","ENSMUSG00000085396","ENSMUST00000203933",13,50584678,50584679,0,19,50581556,50581557,0,19,1,"0.217391304347826","46"
"X","-","ENSMUSG00000085396","ENSMUST00000203933",15,50580580,50580581,7,16,50578024,50578025,5,25,0.773584905660377,"0.217391304347826","46"
"X","-","ENSMUSG00000085396","ENSMUST00000203933",18,50569276,50569277,0,17,50567693,50567694,0,17,1,"0.217391304347826","46"
"X","-","ENSMUSG00000087365","ENSMUST00000129764",1,53056997,53056998,14,14,53056769,53056770,30,14,0.388888888888889,"0.333333333333333","9"
"X","-","ENSMUSG00000087365","ENSMUST00000129764",2,53056657,53056658,8,6,53056164,53056165,5,6,0.48,"0.333333333333333","9"
"X","-","ENSMUSG00000087365","ENSMUST00000129764",3,53055855,53055856,66,100,53055490,53055491,36,100,0.662251655629139,"0.333333333333333","9"
"X","+","ENSMUSG00000078122","ENSMUST00000133125",2,96240513,96240514,8,8,96241037,96241038,10,8,0.470588235294118,"0.333333333333333","3"
"X","+","ENSMUSG00000096056","ENSMUST00000113671",1,101296088,101296089,3,42,101296592,101296593,7,42,0.893617021276596,"0.111111111111111","9"
"X","+","ENSMUSG00000096056","ENSMUST00000113671",2,101296733,101296734,1,37,101296918,101296919,2,37,0.961038961038961,"0.111111111111111","9"
"X","-","ENSMUSG00000086370","ENSMUST00000130063",4,103609303,103609304,0,12,103607792,103607793,0,12,1,"0.16","25"
"X","-","ENSMUSG00000086370","ENSMUST00000130063",8,103603041,103603042,0,12,103596007,103596008,0,12,1,"0.16","25"
"X","-","ENSMUSG00000086370","ENSMUST00000237368",4,103609303,103609304,0,12,103607792,103607793,0,12,1,"0.16","25"
"X","-","ENSMUSG00000086370","ENSMUST00000237368",8,103605457,103605458,0,12,103603089,103603090,0,12,1,"0.16","25"
"X","-","ENSMUSG00000086370","ENSMUST00000237368",9,103603041,103603042,0,12,103596007,103596008,0,12,1,"0.16","25"
"X","-","ENSMUSG00000086370","ENSMUST00000156211",4,103609303,103609304,0,12,103607792,103607793,0,12,1,"0.16","25"
"X","-","ENSMUSG00000086370","ENSMUST00000156211",8,103605457,103605458,0,12,103603089,103603090,0,12,1,"0.16","25"
"X","-","ENSMUSG00000086370","ENSMUST00000156211",9,103603041,103603042,0,12,103596007,103596008,0,12,1,"0.16","25"
"X","-","ENSMUSG00000086370","ENSMUST00000123841",4,103609303,103609304,0,12,103607792,103607793,0,12,1,"0.16","25"
"X","-","ENSMUSG00000087174","ENSMUST00000138460",1,105069999,105070000,0,110,105069675,105069676,6,111,0.973568281938326,"0.266666666666667","30"
"X","-","ENSMUSG00000087174","ENSMUST00000138460",2,105069610,105069611,7,37,105068628,105068629,3,47,0.893617021276596,"0.266666666666667","30"
"X","-","ENSMUSG00000087174","ENSMUST00000138460",3,105068463,105068464,1,107,105066877,105066878,9,107,0.955357142857143,"0.266666666666667","30"
"X","-","ENSMUSG00000087174","ENSMUST00000138460",4,105066758,105066759,8,23,105044111,105044112,0,19,0.84,"0.266666666666667","30"
"X","+","ENSMUSG00000087368","ENSMUST00000134066",5,136758758,136758759,0,16,136759855,136759856,0,16,1,"0.153846153846154","13"
"X","+","ENSMUSG00000095562","ENSMUST00000180251",1,170009906,170009907,4428,0,170010673,170010674,363,7,0.00145894122551063,"0.266666666666667","15"
